Date,AAPL,AGG,AMZN,GOOGL,JNJ,JPM,KO,MSFT,NVDA,PG,SPY,TLT,VNQ,XLU,XOM
2021-01-04,125.63249969482422,99.06854248046875,159.3314971923828,85.49298095703125,133.6282958984375,109.00053405761719,44.79277038574219,207.5653839111328,13.060794830322266,118.9655532836914,342.4369201660156,130.69728088378906,66.93404388427734,25.895084381103516,33.25132369995117
2021-01-05,127.18579864501953,98.96785736083984,160.92550659179688,86.18242645263672,135.1993865966797,109.59364318847656,44.30036544799805,207.76559448242188,13.350875854492188,119.72514343261719,344.79541015625,129.72669982910156,67.03179931640625,25.890844345092773,34.85380554199219
2021-01-06,122.90451049804688,98.48104095458984,156.91900634765625,85.3320083618164,136.4716339111328,114.73969268798828,42.89104080200195,202.3783416748047,12.563802719116211,120.98542785644531,346.8568420410156,127.06360626220703,67.14583587646484,26.53483009338379,35.74317932128906
2021-01-07,127.09843444824219,98.38037109375,158.10800170898438,87.88075256347656,136.93272399902344,118.50765991210938,42.41560363769531,208.137451171875,13.290367126464844,119.85466766357422,352.01019287109375,125.9436264038086,67.01549530029297,26.18741798400879,36.02360534667969
2021-01-08,128.19546508789062,98.26283264160156,159.13499450683594,89.044189453125,136.65097045898438,118.63851165771484,43.36647415161133,209.40562438964844,13.223387718200684,119.80287170410156,354.015869140625,125.537109375,67.66717529296875,26.407732009887695,36.424224853515625
2021-01-11,125.21505737304688,98.1033706665039,155.7104949951172,86.98676300048828,136.078857421875,120.40909576416016,42.619361877441406,207.37466430664062,13.566756248474121,118.99146270751953,351.6294860839844,125.32966613769531,66.7711410522461,26.161998748779297,37.529930114746094
2021-01-12,125.04026794433594,98.18730926513672,156.04150390625,86.05265045166016,135.02011108398438,122.3017807006836,42.54294967651367,204.93374633789062,13.430551528930664,118.3008804321289,351.7037658691406,125.23013305664062,66.92589569091797,26.02218246459961,38.36323165893555
2021-01-13,127.06926727294922,98.49783325195312,158.29449462890625,86.53902435302734,134.815185546875,122.41516876220703,42.585411071777344,206.2781982421875,13.477364540100098,118.4821548461914,352.65081787109375,126.64049530029297,67.740478515625,26.530597686767578,38.79588317871094
2021-01-14,125.14707946777344,98.3048324584961,156.37350463867188,85.73020935058594,137.1718292236328,123.13037872314453,41.79584503173828,203.11260986328125,13.147195816040039,117.22191619873047,351.41595458984375,125.45416259765625,68.1396255493164,26.428916931152344,40.31023025512695
2021-01-15,123.42874145507812,98.40550994873047,155.21249389648438,85.56676483154297,136.87298583984375,120.92369079589844,41.34587860107422,202.759765625,12.807818412780762,116.3414306640625,348.8531494140625,125.95188903808594,68.92160034179688,26.687358856201172,38.37122344970703
2021-01-19,124.0986099243164,98.53983306884766,156.03799438476562,88.38248443603516,138.9905548095703,120.4003677368164,41.184566497802734,206.37351989746094,12.972899436950684,115.32286071777344,351.59234619140625,126.3583984375,68.72611236572266,26.585676193237305,39.132408142089844
2021-01-20,128.1759796142578,98.54817199707031,163.16900634765625,93.11742401123047,138.64898681640625,118.5948486328125,41.328895568847656,213.90609741210938,13.312031745910645,113.88131713867188,356.4579162597656,126.48287200927734,70.03759002685547,26.742435455322266,39.68526077270508
2021-01-21,132.87474060058594,98.40550994873047,165.34950256347656,93.31948852539062,138.093994140625,117.60055541992188,41.55812454223633,214.50677490234375,13.81176471710205,113.76931762695312,356.78289794921875,125.5952377319336,69.70361328125,26.585676193237305,38.54751205444336
2021-01-22,135.01052856445312,98.40550994873047,164.6114959716797,93.73603820800781,139.6480255126953,116.69342803955078,41.16758346557617,215.4412384033203,13.657386779785156,112.8922119140625,355.52008056640625,126.00172424316406,69.86653137207031,26.623809814453125,38.002662658691406
2021-01-25,138.74813842773438,98.65731048583984,164.6999969482422,93.82122039794922,141.72286987304688,115.2368392944336,41.41379165649414,218.8546905517578,13.598377227783203,114.83744812011719,356.92218017578125,127.48674774169922,70.39600372314453,27.157634735107422,37.57801055908203
2021-01-26,138.98109436035156,98.62371063232422,166.30650329589844,94.49828338623047,145.565185546875,114.7658462524414,41.846778869628906,221.52450561523438,13.38125228881836,115.57559967041016,356.3650817871094,127.24609375,70.89289855957031,26.88648796081543,36.75273132324219
2021-01-27,137.9132537841797,98.63211822509766,161.62899780273438,90.08971405029297,143.34518432617188,111.52122497558594,41.2015495300293,222.06802368164062,12.865832328796387,111.48541259765625,347.6552429199219,127.5697021484375,69.6384506225586,26.161998748779297,36.33608627319336
2021-01-28,133.0883331298828,98.56497192382812,161.88099670410156,91.7865982055664,144.4381561279297,113.48370361328125,41.72792053222656,227.81752014160156,12.998546600341797,113.2048568725586,350.6452331542969,126.86454010009766,70.01314544677734,26.47551727294922,36.904972076416016
2021-01-29,128.1080780029297,98.45587158203125,160.30999755859375,90.50676727294922,139.28939819335938,112.22772216796875,40.8789176940918,221.17172241210938,12.937543869018555,111.33778381347656,343.6254577636719,126.10128784179688,69.20672607421875,26.331470489501953,35.927459716796875
2021-02-01,130.22439575195312,98.55005645751953,167.1439971923828,93.76130676269531,138.93077087402344,113.05631256103516,41.15909957885742,228.50401306152344,13.18380069732666,111.99779510498047,349.34527587890625,126.24746704101562,70.78700256347656,26.458576202392578,35.99155044555664
2021-02-02,131.04962158203125,98.39869689941406,169.0,95.051513671875,137.68411254882812,116.53646087646484,41.56660842895508,228.37054443359375,13.502263069152832,111.84144592285156,354.28515625,125.43344116210938,71.2105941772461,26.674646377563477,36.56043243408203
2021-02-03,130.03025817871094,98.28099060058594,165.62649536132812,101.9736557006836,137.04371643066406,117.87092590332031,41.40530014038086,231.69821166992188,13.47612190246582,111.98040771484375,354.5636901855469,124.32058715820312,71.03137969970703,26.589908599853516,37.9946403503418
2021-02-04,133.37957763671875,98.23898315429688,166.5500030517578,101.713623046875,138.3159942626953,120.58348846435547,41.60905075073242,230.75428771972656,13.609331130981445,112.04986572265625,358.5934753417969,123.98824310302734,71.52011108398438,26.797513961791992,38.723777770996094
2021-02-05,132.96636962890625,98.11288452148438,167.6074981689453,103.45703887939453,140.4164581298828,120.34800720214844,42.15242004394531,230.93544006347656,13.536375999450684,112.518798828125,360.0049743652344,122.95005798339844,71.77263641357422,26.941564559936523,40.02177429199219
2021-02-08,133.11219787597656,98.21378326416016,166.14700317382812,103.24356079101562,140.81777954101562,122.23200988769531,42.38164520263672,231.19288635253906,14.380718231201172,112.17144775390625,362.6048889160156,123.48995208740234,72.16364288330078,26.73396110534668,41.74443817138672
2021-02-09,132.2371063232422,98.25579071044922,165.25,102.79136657714844,141.970458984375,121.74352264404297,42.19486999511719,232.4324188232422,14.205924034118652,111.73725891113281,362.36346435546875,123.58126831054688,72.41616821289062,26.772090911865234,41.255531311035156
2021-02-10,131.6343536376953,98.34827423095703,164.32899475097656,103.34063720703125,142.4315643310547,121.81334686279297,42.10997009277344,231.52659606933594,14.704910278320312,111.34647369384766,362.2055358886719,124.40354919433594,72.80715942382812,26.878009796142578,41.65480422973633
2021-02-11,131.38157653808594,98.23055267333984,163.10650634765625,103.45306396484375,141.7911376953125,121.47315979003906,42.70426559448242,233.11895751953125,15.189456939697266,111.44200134277344,362.7906188964844,123.7225341796875,72.96192932128906,26.725486755371094,40.6118049621582
2021-02-12,131.61488342285156,98.00360870361328,163.885498046875,103.76410675048828,142.23516845703125,123.20011138916016,43.03535842895508,233.59571838378906,14.901121139526367,110.82543182373047,364.5826416015625,122.18597412109375,72.97823333740234,26.530597686767578,41.165897369384766
2021-02-16,129.495361328125,97.54124450683594,163.44749450683594,104.54023742675781,140.94589233398438,126.16570281982422,42.67878723144531,232.36561584472656,15.268637657165527,111.08594512939453,364.26690673828125,120.32544708251953,72.41616821289062,26.234020233154297,42.40446472167969
2021-02-17,127.21055603027344,97.73458099365234,165.4320068359375,104.93250274658203,141.4496307373047,126.55818176269531,42.559932708740234,233.378662109375,14.846092224121094,111.55488586425781,364.3505554199219,121.08955383300781,72.32655334472656,26.255207061767578,43.06448745727539
2021-02-18,126.1119384765625,97.68412780761719,166.4114990234375,104.29803466796875,141.51791381835938,126.98554992675781,43.1032829284668,232.9868621826172,14.769402503967285,112.48407745361328,362.7999572753906,120.59955596923828,72.01702880859375,26.411970138549805,42.388153076171875
2021-02-19,126.26747131347656,97.38153076171875,162.4949951171875,103.45604705810547,139.16128540039062,129.10504150390625,42.54294967651367,230.29180908203125,14.866507530212402,110.39122772216797,362.15911865234375,118.99650573730469,72.43245697021484,26.017948150634766,42.67335510253906
2021-02-22,122.50480651855469,97.0788803100586,159.03700256347656,101.74484252929688,139.0753936767578,130.31744384765625,42.984439849853516,224.11810302734375,14.298051834106445,109.92227935791016,359.3735046386719,118.09117126464844,73.0352554321289,25.50953483581543,44.24600601196289
2021-02-23,122.36870574951172,97.1041259765625,159.72500610351562,102.03506469726562,137.84677124023438,131.3640899658203,42.908023834228516,222.93304443359375,14.085164070129395,110.73857879638672,359.8099060058594,117.75065612792969,73.49140167236328,25.721370697021484,44.85713195800781
2021-02-24,121.87285614013672,97.07050323486328,157.97650146484375,103.20838928222656,139.6940155029297,133.67543029785156,43.05235290527344,224.1562957763672,14.440727233886719,110.86016845703125,363.7747802734375,116.9781723022461,74.05345916748047,25.420564651489258,46.20163345336914
2021-02-25,117.63379669189453,96.17938995361328,152.85800170898438,99.84737396240234,139.84005737304688,131.86123657226562,42.59389114379883,218.84266662597656,13.254015922546387,109.92227935791016,355.0094299316406,115.06788635253906,72.63609313964844,25.19178009033203,45.43567657470703
2021-02-26,117.89631652832031,96.96118927001953,154.64649963378906,100.142578125,136.1455841064453,128.3636474609375,41.59208679199219,222.0824737548828,13.659382820129395,107.27367401123047,353.1801452636719,118.87194061279297,71.5771255493164,24.725738525390625,44.30304718017578
2021-03-01,124.24517822265625,96.91065979003906,157.3070068359375,102.50757598876953,136.88449096679688,131.26815795898438,42.36466598510742,226.44041442871094,13.786120414733887,107.93363952636719,361.7413024902344,117.3019027709961,71.89482116699219,25.272274017333984,45.95718002319336
2021-03-02,121.64923858642578,96.92749786376953,154.72650146484375,102.25101470947266,136.626708984375,130.84075927734375,42.53446578979492,223.5064697265625,13.35236930847168,107.594970703125,358.9185485839844,117.31026458740234,71.20243072509766,25.196016311645508,45.68828582763672
2021-03-03,118.67411041259766,96.57386016845703,150.25,99.62252044677734,134.2210235595703,133.3701934814453,42.432594299316406,217.47608947753906,12.753286361694336,106.9523696899414,354.1643981933594,116.03792572021484,70.7951431274414,24.899442672729492,46.054954528808594
2021-03-04,116.79766082763672,96.29594421386719,148.8784942626953,100.7379150390625,131.51463317871094,131.3204345703125,42.398616790771484,216.682861328125,12.32053279876709,106.07525634765625,349.7816467285156,115.28949737548828,69.98873901367188,24.878259658813477,47.8394660949707
2021-03-05,118.05186462402344,96.22860717773438,150.0229949951172,103.86515808105469,134.11790466308594,131.62576293945312,43.12026596069336,221.33702087402344,12.411416053771973,109.40126037597656,356.21649169921875,115.51402282714844,70.75442504882812,25.284992218017578,49.64842224121094
2021-03-08,113.13224792480469,95.84971618652344,147.59750366210938,99.42887115478516,135.23483276367188,133.3701934814453,43.84190368652344,217.31361389160156,11.54665756225586,110.55623626708984,354.4429931640625,114.61589050292969,71.36534881591797,25.6408748626709,49.59952926635742
2021-03-09,117.73100280761719,96.21176147460938,153.1425018310547,101.05638122558594,135.4925994873047,132.42820739746094,43.1796989440918,223.42041015625,12.474231719970703,109.5749282836914,359.5035705566406,116.20418548583984,71.83782196044922,25.97981834411621,48.833580017089844
2021-03-10,116.6518325805664,96.37175750732422,152.8820037841797,100.84986114501953,136.73841857910156,135.3064727783203,43.67211151123047,222.12066650390625,12.422423362731934,110.58228302001953,361.7413024902344,116.43708038330078,72.55463409423828,26.157760620117188,50.33289337158203
2021-03-11,118.57687377929688,96.36335754394531,155.67950439453125,104.03701782226562,136.72984313964844,134.5999755859375,43.19667053222656,226.62200927734375,12.945747375488281,110.2088623046875,365.4090576171875,115.59716033935547,73.40180969238281,26.08997344970703,49.958065032958984
2021-03-12,117.67268371582031,95.81603240966797,154.47450256347656,101.53382873535156,137.12503051757812,136.19613647460938,43.11106491088867,225.30313110351562,12.808749198913574,111.27698516845703,365.9011535644531,113.14404296875,74.63182830810547,26.441625595092773,50.4958610534668
2021-03-15,120.55057525634766,95.91709899902344,154.08399963378906,101.75373077392578,137.8295440673828,135.51580810546875,43.684627532958984,224.40478515625,13.142769813537598,111.6417465209961,368.0832214355469,113.80926513671875,75.7396469116211,26.780563354492188,49.208396911621094
2021-03-16,122.08675384521484,95.8833999633789,154.59300231933594,103.21237182617188,138.6458282470703,133.8934783935547,43.84727478027344,227.1763153076172,13.242403030395508,111.97171783447266,367.61895751953125,113.35194396972656,75.43011474609375,26.814456939697266,48.16539764404297
2021-03-17,121.2992172241211,95.87495422363281,156.7864990234375,103.12964630126953,138.1303253173828,135.27159118652344,43.864402770996094,226.5359649658203,13.292219161987305,111.5201644897461,368.87249755859375,112.50375366210938,75.49527740478516,26.378074645996094,48.377262115478516
2021-03-18,117.18655395507812,95.50444793701172,151.39950561523438,100.11433410644531,137.87254333496094,137.50448608398438,43.29084396362305,220.4960479736328,12.675742149353027,111.76331329345703,363.50555419921875,111.36448669433594,74.72957611083984,26.28062629699707,46.2912712097168
2021-03-19,116.66152954101562,95.58024597167969,153.7480010986328,100.39269256591797,137.5030517578125,135.31520080566406,43.49629592895508,220.1424102783203,12.798537254333496,111.16410064697266,362.8330078125,112.05467987060547,73.71134185791016,26.352651596069336,46.030517578125
2021-03-22,119.96720123291016,95.7654800415039,155.5435028076172,100.57743835449219,137.8983154296875,131.6781005859375,43.65895462036133,225.53250122070312,13.137785911560059,113.04853820800781,365.73016357421875,113.31036376953125,74.23268127441406,26.314664840698242,45.55790328979492
2021-03-23,119.14080810546875,96.00969696044922,156.875,101.10441589355469,137.7694091796875,130.36099243164062,43.992801666259766,227.0520782470703,13.022710800170898,115.15007019042969,362.8515930175781,114.33316802978516,74.12678527832031,26.707359313964844,44.995662689208984
2021-03-24,116.75874328613281,96.12757873535156,154.35350036621094,100.66857147216797,139.10975646972656,131.37281799316406,44.10409927368164,225.02598571777344,12.59653377532959,115.11532592773438,361.00701904296875,114.94853973388672,73.71134185791016,26.71589469909668,45.908294677734375
2021-03-25,117.24491119384766,96.07707977294922,152.31300354003906,100.66510772705078,139.16128540039062,133.05616760253906,44.5321159362793,222.0442657470703,12.489176750183105,115.91426849365234,363.03790283203125,114.04215240478516,74.46185302734375,27.001873016357422,45.77791213989258
2021-03-26,117.8476791381836,95.91709899902344,152.60150146484375,100.2822494506836,141.7044677734375,135.27159118652344,45.405303955078125,226.0007781982422,12.792061805725098,117.625,368.8882141113281,113.6429443359375,76.06777954101562,27.091510772705078,47.024620056152344
2021-03-29,118.02269744873047,95.75704956054688,153.7864990234375,101.32532501220703,142.65818786621094,133.16957092285156,46.098716735839844,224.81573486328125,12.900662422180176,119.46602630615234,368.7019348144531,112.6783447265625,75.62532806396484,27.381763458251953,46.77202606201172
2021-03-30,116.57402801513672,95.83284759521484,152.76449584960938,101.3590087890625,141.77322387695312,134.73953247070312,45.499481201171875,221.57595825195312,12.824440956115723,117.625,367.7237548828125,113.26879119873047,75.72364807128906,27.134193420410156,46.19348907470703
2021-03-31,118.76164245605469,95.84971618652344,154.70399475097656,102.15393829345703,141.2061309814453,132.7770538330078,45.122798919677734,225.32225036621094,13.299190521240234,117.60763549804688,369.2142333984375,112.63678741455078,75.26481628417969,27.334808349609375,45.49271774291992
2021-04-01,119.5880355834961,96.17186737060547,158.0500030517578,105.4852294921875,139.9001922607422,134.0679473876953,44.95158767700195,231.61068725585938,13.760986328125,116.60900115966797,373.2014465332031,114.50623321533203,76.63312530517578,27.309200286865234,46.76387023925781
2021-04-05,122.4075698852539,95.97789001464844,161.3365020751953,109.9021987915039,140.41571044921875,134.77859497070312,45.208412170410156,238.03286743164062,13.936090469360352,118.4933853149414,378.5580749511719,114.006591796875,76.92808532714844,27.607994079589844,46.03866195678711
2021-04-06,122.70899200439453,96.31519317626953,161.1909942626953,109.42176055908203,140.38131713867188,133.8310546875,45.5337028503418,236.8765106201172,13.810554504394531,118.53680419921875,378.33453369140625,114.78102111816406,77.12472534179688,27.753116607666016,45.908294677734375
2021-04-07,124.35211944580078,96.16339874267578,163.96949768066406,110.896240234375,140.57032775878906,135.92788696289062,45.61075210571289,238.8260955810547,14.091516494750977,118.74528503417969,378.77227783203125,113.98163604736328,77.18206787109375,27.718969345092773,46.112003326416016
2021-04-08,126.743896484375,96.39954376220703,164.96499633789062,111.46086883544922,140.02049255371094,136.09461975097656,45.473785400390625,242.0276641845703,14.264381408691406,119.19681549072266,380.5702819824219,114.92256164550781,76.89531707763672,27.69762420654297,45.6312370300293
2021-04-09,129.31060791015625,96.28993225097656,168.61000061035156,112.46332550048828,138.54269409179688,137.11236572265625,45.525150299072266,244.5124053955078,14.347075462341309,118.42394256591797,383.33709716796875,114.50623321533203,76.80518341064453,27.667747497558594,45.52531433105469
2021-04-12,127.59951782226562,96.26461791992188,168.96949768066406,111.17311096191406,138.87777709960938,136.82281494140625,45.670677185058594,244.56979370117188,15.153101921081543,118.90155792236328,383.4768371582031,114.45626068115234,77.25582885742188,27.693357467651367,45.223812103271484
2021-04-13,130.70095825195312,96.54290008544922,170.0,111.65896606445312,137.0219268798828,135.19094848632812,45.44810485839844,247.03546142578125,15.621872901916504,117.32977294921875,384.6133117675781,115.31391143798828,77.64093780517578,28.02202033996582,45.394935607910156
2021-04-14,128.3675079345703,96.46698760986328,166.64999389648438,111.03888702392578,137.39999389648438,132.66415405273438,45.439544677734375,244.26394653320312,15.220853805541992,117.7552719116211,383.2998352050781,114.94756317138672,77.23124694824219,28.145809173583984,46.70684051513672
2021-04-15,130.76904296875,96.84648132324219,168.95449829101562,113.18545532226562,137.80380249023438,133.5064239501953,45.65355682373047,248.00071716308594,16.07794189453125,119.17945861816406,387.4173583984375,116.87109375,78.58317565917969,28.457399368286133,46.42979431152344
2021-04-16,130.4384765625,96.59349060058594,169.9720001220703,113.06163787841797,139.39329528808594,134.4978485107422,45.95317840576172,249.18580627441406,15.85401439666748,119.18812561035156,388.7123718261719,115.96344757080078,78.7552261352539,28.687885284423828,46.16904067993164
2021-04-19,131.099609375,96.51759338378906,168.60049438476562,113.40882110595703,139.77992248535156,133.9275360107422,46.22712707519531,247.2743377685547,15.305292129516602,118.63236999511719,386.8025817871094,115.63040924072266,78.91089630126953,28.542766571044922,46.02235794067383
2021-04-20,129.41757202148438,96.66939544677734,166.7344970703125,112.87639617919922,143.0361785888672,130.96212768554688,46.372642517089844,246.8156280517578,15.11548900604248,119.6223373413086,383.9705810546875,116.16327667236328,79.55816650390625,28.905576705932617,45.05270004272461
2021-04-21,129.79678344726562,96.76214599609375,168.1009979248047,112.84371185302734,143.1306915283203,132.076416015625,46.74931335449219,249.03282165527344,15.304045677185059,118.84075164794922,387.60369873046875,116.3964614868164,80.08255004882812,28.662282943725586,45.6312370300293
2021-04-22,128.28005981445312,96.7874755859375,165.45199584960938,111.56439208984375,141.91925048828125,129.295166015625,46.60377883911133,245.77395629882812,14.795671463012695,117.66094970703125,384.0636901855469,116.90444946289062,79.6482925415039,28.457399368286133,45.036407470703125
2021-04-23,130.59405517578125,96.7706069946289,167.04400634765625,113.91254425048828,142.2113800048828,131.76930236816406,46.62947082519531,249.5775909423828,15.209145545959473,117.05792236328125,388.2279052734375,116.62962341308594,80.11532592773438,28.41898536682129,45.280860900878906
2021-04-26,130.98287963867188,96.6862564086914,170.4499969482422,114.40782928466797,141.008544921875,132.09388732910156,45.93606948852539,249.95985412597656,15.421114921569824,114.71568298339844,389.0383605957031,116.46310424804688,80.35293579101562,28.25678253173828,45.370487213134766
2021-04-27,130.66212463378906,96.45014190673828,170.8715057373047,113.4692611694336,140.20094299316406,132.69927978515625,45.867576599121094,250.36129760742188,15.325216293334961,114.64575958251953,388.95458984375,115.44717407226562,80.3447494506836,28.039093017578125,45.96532440185547
2021-04-28,129.87452697753906,96.500732421875,172.9250030517578,116.84019470214844,139.16986083984375,133.55909729003906,45.87614059448242,243.2796173095703,15.220603942871094,114.8380355834961,388.8427734375,115.5220947265625,80.17267608642578,28.00067901611328,47.35055923461914
2021-04-29,129.77732849121094,96.45014190673828,173.5655059814453,118.51028442382812,141.0772705078125,136.1560516357422,46.4496955871582,241.32046508789062,15.268428802490234,115.80812072753906,391.3207702636719,115.18070220947266,80.8609390258789,28.25678253173828,48.026878356933594
2021-04-30,127.81336212158203,96.55131530761719,173.37100219726562,116.56578826904297,139.81427001953125,134.9453125,46.20999526977539,241.0050811767578,14.95433235168457,116.60344696044922,388.74957275390625,115.44717407226562,81.18047332763672,28.478744506835938,46.641658782958984
2021-05-03,128.86341857910156,96.61298370361328,169.32449340820312,116.04971313476562,141.94503784179688,134.5504913330078,46.638031005859375,240.6992645263672,14.782219886779785,117.98432922363281,389.5880126953125,115.51644134521484,81.02478790283203,28.474468231201172,47.929100036621094
2021-05-04,124.30352783203125,96.7312240600586,165.593505859375,114.25428771972656,144.14456176757812,136.4104766845703,46.34696578979492,236.80958557128906,14.298505783081055,117.58229064941406,387.1844787597656,116.30030822753906,80.50041961669922,28.367761611938477,48.2305908203125
2021-05-05,124.54656219482422,96.80725860595703,163.52699279785156,114.64755249023438,143.54310607910156,138.20025634765625,46.22712707519531,235.54808044433594,14.405359268188477,116.63841247558594,387.3056640625,116.49211120605469,79.16488647460938,27.88970184326172,49.68101119995117
2021-05-06,126.14107513427734,96.82412719726562,165.31849670410156,115.76590728759766,144.11875915527344,140.98150634765625,46.68938446044922,238.6636505126953,14.469623565673828,118.10664367675781,390.3985290527344,116.68394470214844,79.60736083984375,28.103124618530273,50.153629302978516
2021-05-07,126.81311798095703,96.79878997802734,164.58050537109375,116.48802947998047,144.77171325683594,141.46401977539062,46.66371536254883,241.272705078125,14.757811546325684,118.11539459228516,393.2398376464844,116.10842895507812,80.65609741210938,28.188491821289062,50.87068176269531
2021-05-10,123.54073333740234,96.64676666259766,159.52450561523438,113.50740814208984,146.29249572753906,141.4464569091797,47.00613021850586,236.2266082763672,14.213319778442383,120.31775665283203,389.3458251953125,114.93267822265625,80.63152313232422,28.474468231201172,50.992919921875
2021-05-11,122.6252670288086,96.43563842773438,161.19549560546875,112.4331283569336,145.0982666015625,139.09519958496094,46.501060485839844,235.3187255859375,14.253669738769531,119.72350311279297,385.8710021972656,114.28218078613281,79.61552429199219,28.12446403503418,49.37137985229492
2021-05-12,119.56717681884766,96.09779357910156,157.5970001220703,108.97551727294922,144.51400756835938,138.13882446289062,46.26136016845703,228.40914916992188,13.707932472229004,118.45620727539062,377.6730651855469,113.08130645751953,77.59994506835938,27.467132568359375,49.635921478271484
2021-05-13,121.70977783203125,96.3173828125,158.07350158691406,110.40145111083984,146.02615356445312,141.692138671875,46.66371536254883,232.2605438232422,13.61502742767334,120.36146545410156,382.20989990234375,113.25640869140625,78.60773468017578,27.996416091918945,49.0241584777832
2021-05-14,124.12507629394531,96.53695678710938,161.14500427246094,112.84519958496094,146.2495574951172,143.89425659179688,46.85203552246094,237.1536407470703,14.190654754638672,120.6148910522461,388.0787658691406,114.3155517578125,79.54177856445312,28.13300132751465,50.23942184448242
2021-05-17,122.9758529663086,96.4525146484375,163.51950073242188,113.36724090576172,146.3955841064453,144.4733123779297,46.775001525878906,234.3152618408203,14.113435745239258,120.37018585205078,387.09130859375,114.0737075805664,79.62374114990234,27.90250587463379,51.41336441040039
2021-05-18,121.5929183959961,96.33425903320312,161.61399841308594,112.05719757080078,146.4471435546875,142.43789672851562,46.51818084716797,232.30833435058594,13.964240074157715,119.13793182373047,383.75628662109375,113.78187561035156,79.64010620117188,27.898239135742188,49.95833969116211
2021-05-19,121.43708038330078,96.19915771484375,161.58999633789062,112.50444793701172,146.12925720214844,141.3499755859375,46.372642517089844,232.883056640625,14.014053344726562,119.38263702392578,382.7501525878906,113.50662994384766,79.38611602783203,27.851287841796875,48.75960922241211
2021-05-20,123.98873138427734,96.52851867675781,162.38400268554688,114.2602310180664,146.9798583984375,141.1042938232422,46.7835578918457,236.10157775878906,14.558794021606445,120.60619354248047,386.8677673339844,114.44064331054688,80.27922821044922,28.094585418701172,48.64385986328125
2021-05-21,122.15778350830078,96.57075500488281,160.1540069580078,113.6252670288086,146.8853302001953,142.70985412597656,46.75788497924805,234.8467559814453,14.936651229858398,120.60619354248047,386.55108642578125,114.80754852294922,80.19725799560547,28.23971176147461,48.71000289916992
2021-05-24,123.78422546386719,96.66365814208984,162.24949645996094,116.93923950195312,147.44728088378906,143.48193359375,46.91196060180664,240.22052001953125,15.554621696472168,120.57121276855469,390.4916076660156,115.23287200927734,81.19686126708984,28.188491821289062,49.28043746948242
2021-05-25,123.58943176269531,96.90015411376953,162.95249938964844,117.0298843383789,147.04092407226562,141.99916076660156,46.903411865234375,241.12095642089844,15.590240478515625,120.98197937011719,389.6252746582031,116.30030822753906,81.17228698730469,27.847017288208008,48.16436767578125
2021-05-26,123.54073333740234,96.86637115478516,163.25799560546875,117.89366149902344,146.16775512695312,141.98167419433594,47.10886001586914,240.90060424804688,15.642300605773926,120.71105194091797,390.3985290527344,116.10017395019531,81.53279113769531,27.851287841796875,48.72653579711914
2021-05-27,122.01168060302734,96.7481460571289,161.5054931640625,117.0204849243164,145.94297790527344,144.19256591796875,47.50264358520508,238.8124237060547,15.431075096130371,117.96682739257812,390.60345458984375,115.63312530517578,81.3443603515625,27.663475036621094,48.412391662597656
2021-05-28,121.35917663574219,96.7481460571289,161.15350341796875,116.73171997070312,146.3233642578125,144.09605407714844,47.331417083740234,239.16683959960938,16.184799194335938,117.85318756103516,391.3020935058594,115.44969940185547,81.83595275878906,27.812870025634766,48.25530242919922
2021-06-01,121.03778076171875,96.70328521728516,160.9324951171875,117.93675231933594,143.10728454589844,145.68409729003906,47.322872161865234,236.9828643798828,16.204721450805664,116.13150024414062,390.95745849609375,115.42378997802734,83.310791015625,27.642133712768555,49.98314666748047
2021-06-02,121.79740905761719,96.8301773071289,161.69949340820312,117.4122543334961,143.68650817871094,145.69284057617188,47.51120376586914,236.8870849609375,16.716585159301758,116.63841247558594,391.572265625,115.6910400390625,84.28580474853516,27.787260055541992,50.37995910644531
2021-06-03,120.31707763671875,96.60181427001953,159.35049438476562,116.2725830078125,143.54820251464844,145.78933715820312,47.63105773925781,235.364013671875,16.907381057739258,118.7271499633789,390.1190185546875,115.25677490234375,83.97443389892578,27.953725814819336,50.5783805847168
2021-06-04,122.60578155517578,96.99933624267578,160.31100463867188,118.55040740966797,143.4876708984375,146.02621459960938,48.144691467285156,240.23013305664062,17.513647079467773,118.81454467773438,393.68695068359375,116.83514404296875,84.01541137695312,27.911039352416992,50.80158615112305
2021-06-07,122.6155014038086,96.93168640136719,159.90049743652344,118.98280334472656,142.51075744628906,145.34188842773438,47.97347640991211,243.12294006347656,17.554248809814453,119.22529602050781,393.3050231933594,116.47608184814453,85.00680541992188,27.96227264404297,50.47090530395508
2021-06-08,123.43358612060547,97.10928344726562,163.20550537109375,118.79161071777344,141.2571563720703,144.76284790039062,47.639617919921875,241.93511962890625,17.39284324645996,117.84446716308594,393.3888244628906,117.2944564819336,85.71144104003906,27.723234176635742,51.363765716552734
2021-06-09,123.81342315673828,97.30381774902344,164.0574951171875,119.26213836669922,143.15916442871094,142.95547485351562,47.49408721923828,242.9121856689453,17.29841423034668,117.8007583618164,392.8019714355469,118.33004760742188,85.82614135742188,27.970800399780273,51.79365158081055
2021-06-10,122.82003784179688,97.5068359375,167.4824981689453,120.60882568359375,144.4473419189453,140.72703552246094,47.86219024658203,246.4085235595703,17.364938735961914,118.6746826171875,394.62786865234375,119.0399169921875,86.440673828125,28.154340744018555,51.876319885253906
2021-06-11,124.0276870727539,97.46451568603516,167.3415069580078,120.36465454101562,142.614501953125,140.63052368164062,48.07619857788086,247.03115844726562,17.763811111450195,117.86194610595703,395.2799072265625,118.84789276123047,86.09652709960938,28.218368530273438,51.39681625366211
2021-06-14,127.07600402832031,97.21926879882812,169.19349670410156,121.29133605957031,142.96897888183594,138.24412536621094,47.912322998046875,248.9469451904297,17.956640243530273,117.90565490722656,396.16497802734375,117.93756103515625,86.43245697021484,28.27812385559082,51.31415557861328
2021-06-15,126.2579345703125,97.26152801513672,169.156494140625,120.27500915527344,142.20816040039062,136.14727783203125,47.79158020019531,247.4813232421875,17.7271785736084,117.67842102050781,395.43841552734375,117.79559326171875,85.5066146850586,28.363487243652344,53.18253707885742
2021-06-16,126.754638671875,96.94857025146484,170.7624969482422,119.63409423828125,142.1562957763672,137.10357666015625,47.153324127197266,246.54266357421875,17.748857498168945,116.04409790039062,393.23040771484375,117.69532775878906,84.9494400024414,27.93665313720703,52.99238204956055
2021-06-17,128.35183715820312,97.25305938720703,174.46200561523438,120.595947265625,142.83924865722656,133.146728515625,47.39481735229492,249.9143829345703,18.59293556213379,117.10159301757812,393.10003662109375,119.45745849609375,84.84293365478516,28.09031867980957,51.248016357421875
2021-06-18,127.05655670166016,97.51528930664062,174.34500122070312,118.97882843017578,140.0381317138672,129.77767944335938,46.37706756591797,248.50633239746094,18.574504852294922,115.38862609863281,387.7969665527344,121.70401000976562,83.40091705322266,27.36041831970215,49.93354034423828
2021-06-21,128.84857177734375,97.26152801513672,172.697998046875,120.664306640625,141.6461944580078,131.97987365722656,46.88593673706055,251.57156372070312,18.363727569580078,116.2975845336914,393.3486633300781,119.66629791259766,85.12152862548828,27.714866638183594,51.744041442871094
2021-06-22,130.48472595214844,97.36302185058594,175.27200317382812,121.17741394042969,141.4560089111328,131.78684997558594,47.058448791503906,254.33029174804688,18.82164764404297,116.34123992919922,395.45172119140625,119.95855712890625,84.67906188964844,27.547107696533203,52.73610305786133
2021-06-23,130.21202087402344,97.31228637695312,175.1909942626953,120.975830078125,140.60011291503906,132.58522033691406,46.67893981933594,254.10037231445312,18.991561889648438,116.1751937866211,394.9749755859375,119.64952087402344,84.53157806396484,27.254606246948242,53.124656677246094
2021-06-24,129.92958068847656,97.34610748291016,172.45399475097656,121.34532165527344,141.23985290527344,133.80474853515625,46.91181945800781,255.46058654785156,19.139297485351562,116.25385284423828,397.3115539550781,119.84162902832031,84.3492431640625,27.22879409790039,53.3396110534668
2021-06-25,129.637451171875,97.15159606933594,170.072998046875,121.35372161865234,141.96609497070312,135.1558837890625,46.85144805908203,253.86099243164062,18.96540069580078,117.91439056396484,398.7227783203125,118.59725189208984,84.9186019897461,27.521297454833984,53.455345153808594
2021-06-28,131.26385498046875,97.43072509765625,172.1945037841797,121.38097381591797,141.80186462402344,135.4015350341797,46.7996940612793,257.40521240234375,19.91611099243164,118.26396942138672,399.5266418457031,119.81665802001953,84.67105102539062,27.69766616821289,52.09126663208008
2021-06-29,132.77346801757812,97.48145294189453,172.40699768066406,121.11996459960938,141.81048583984375,135.23483276367188,46.45469665527344,259.9722900390625,19.957719802856445,117.45993041992188,399.7416076660156,120.01702117919922,84.43999481201172,27.250303268432617,51.76884460449219
2021-06-30,133.38702392578125,97.54914855957031,172.00799560546875,120.93867492675781,142.42431640625,136.4630889892578,46.670318603515625,259.49334716796875,19.933551788330078,117.92312622070312,400.0779724121094,120.5514907836914,83.99441528320312,27.198684692382812,52.14914321899414
2021-07-01,133.68890380859375,97.49491119384766,171.64849853515625,121.29033660888672,143.4790496826172,137.81423950195312,46.54093933105469,260.1639099121094,20.14232635498047,118.19405364990234,402.29315185546875,120.55821228027344,84.35747528076172,27.4954891204834,52.29793930053711
2021-07-02,136.3087158203125,97.70665740966797,175.5489959716797,124.07682800292969,146.08995056152344,137.681884765625,46.73069381713867,265.95916748046875,20.416378021240234,118.77085876464844,405.3680419921875,121.28572845458984,84.61328125,27.538501739501953,52.22353744506836
2021-07-06,138.31495666503906,98.02006530761719,183.78700256347656,125.00054168701172,145.21678161621094,135.36993408203125,46.47194290161133,265.9687194824219,20.627153396606445,118.84075164794922,404.6297607421875,122.70729064941406,85.23216247558594,27.654647827148438,50.73545455932617
2021-07-07,140.79847717285156,98.1894302368164,184.82899475097656,125.2818603515625,146.46168518066406,135.52880859375,46.85144805908203,268.1430969238281,20.301528930664062,119.73218536376953,406.0596618652344,123.79437255859375,85.52923583984375,27.835308074951172,49.941810607910156
2021-07-08,139.50314331054688,98.299560546875,186.57049560546875,123.86534881591797,146.17637634277344,133.19041442871094,46.687564849853516,265.7388610839844,19.834144592285156,119.71471405029297,402.7510681152344,124.27934265136719,85.28990936279297,27.75358009338379,49.718597412109375
2021-07-09,141.3243865966797,97.9776840209961,185.9669952392578,124.33536529541016,146.75563049316406,137.45245361328125,46.97219467163086,266.2369384765625,19.981136322021484,119.75843811035156,407.05035400390625,122.53168487548828,86.69271087646484,27.787992477416992,50.61971664428711
2021-07-12,140.7303009033203,97.91842651367188,185.92750549316406,125.77864074707031,146.522216796875,139.42019653320312,46.989444732666016,265.64300537109375,20.44179344177246,119.85456085205078,408.5084533691406,122.3727798461914,87.43536376953125,27.878328323364258,50.570106506347656
2021-07-13,141.8405303955078,97.70665740966797,183.8679962158203,126.14118194580078,146.3406524658203,137.3465576171875,47.4552001953125,269.14892578125,20.18019676208496,119.70600891113281,407.1158447265625,121.43626403808594,86.2140884399414,27.66754913330078,50.33036422729492
2021-07-14,145.2589569091797,98.0369644165039,184.08399963378906,127.02824401855469,147.33486938476562,136.87887573242188,48.52470397949219,270.61456298828125,19.77311134338379,120.58869171142578,407.72332763671875,122.81599426269531,86.81649780273438,27.908437728881836,49.21430206298828
2021-07-15,144.60650634765625,98.24874114990234,181.55999755859375,125.8078384399414,145.56259155273438,137.1789093017578,48.679969787597656,269.1968078613281,18.90087890625,121.61997985839844,406.33074951171875,124.17071533203125,86.95677947998047,28.222448348999023,48.73480224609375
2021-07-16,142.57095336914062,98.16400909423828,178.68150329589844,125.77316284179688,145.32913208007812,134.0463409423828,48.64546585083008,268.92852783203125,18.098400115966797,122.79979705810547,403.14361572265625,123.93649291992188,86.89900207519531,28.5063533782959,47.38726043701172
2021-07-19,138.73374938964844,98.68070983886719,177.47950744628906,123.40373992919922,144.2744598388672,129.687255859375,48.06757736206055,265.3460998535156,18.715015411376953,122.7386474609375,397.1900329589844,126.65422058105469,85.3146743774414,28.054697036743164,45.758636474609375
2021-07-20,142.33724975585938,98.58751678466797,178.6595001220703,125.01985168457031,145.63174438476562,132.1050567626953,48.153839111328125,267.55877685546875,18.54784393310547,122.08319091796875,402.8818664550781,125.43331909179688,87.3281021118164,28.175132751464844,46.262935638427734
2021-07-21,141.6068115234375,98.26563262939453,179.25999450683594,126.34672546386719,146.53085327148438,134.8846435546875,48.77482986450195,269.5512390136719,19.343101501464844,121.65491485595703,406.1438293457031,123.8445816040039,87.31986236572266,27.86542320251465,47.75101089477539
2021-07-22,142.97027587890625,98.49434661865234,181.90150451660156,127.21099853515625,146.95445251464844,133.18161010742188,48.70584487915039,274.0916748046875,19.526458740234375,121.18883514404297,406.9942626953125,125.01533508300781,86.62670135498047,27.908437728881836,47.21363830566406
2021-07-23,144.6843719482422,98.42659759521484,182.83200073242188,131.7611846923828,148.51927185058594,132.9257049560547,49.171592712402344,277.4731140136719,19.490585327148438,122.93891906738281,411.18145751953125,124.17899322509766,87.3446044921875,28.26546287536621,47.155792236328125
2021-07-26,145.10316467285156,98.3418960571289,184.99099731445312,132.77159118652344,148.5884552001953,133.8169403076172,49.2147216796875,276.87908935546875,19.227495193481445,123.36986541748047,412.1908264160156,123.81112670898438,87.3858642578125,28.274072647094727,48.346256256103516
2021-07-27,142.94105529785156,98.5705795288086,181.3195037841797,130.65670776367188,149.27146911621094,133.64044189453125,49.38721466064453,274.47479248046875,19.14179229736328,123.87113952636719,410.3122253417969,125.13233947753906,87.8809814453125,28.760149002075195,47.80888366699219
2021-07-28,141.19772338867188,98.66372680664062,181.51600646972656,134.81117248535156,148.85646057128906,133.86105346679688,48.938716888427734,274.1683044433594,19.435771942138672,122.0331039428711,410.14398193359375,125.14073181152344,87.57566833496094,28.5407657623291,48.131309509277344
2021-07-29,141.8405303955078,98.5028305053711,179.99600219726562,134.4976806640625,148.85646057128906,135.0081787109375,49.206092834472656,274.4365234375,19.59422492980957,122.6662826538086,411.8450012207031,124.44668579101562,87.59215545654297,28.61819076538086,48.718265533447266
2021-07-30,142.0548095703125,98.63831329345703,166.37950134277344,133.4565887451172,148.873779296875,133.931640625,49.188846588134766,272.9134521484375,19.43178939819336,125.08477783203125,409.8449401855469,125.03202056884766,87.70768737792969,28.377304077148438,47.59394454956055
2021-08-02,141.72366333007812,98.8478012084961,166.57400512695312,133.5833740234375,148.9342803955078,133.3933868408203,49.05946731567383,272.8272705078125,19.681922912597656,124.7769775390625,408.985107421875,126.1471939086914,87.51789855957031,28.5966854095459,47.60221481323242
2021-08-03,143.51568603515625,98.88172149658203,168.31199645996094,134.3515625,150.76708984375,134.9111328125,49.09395980834961,275.0303649902344,19.7466983795166,126.59745025634766,412.3123474121094,126.21420288085938,87.62516784667969,28.760149002075195,48.114768981933594
2021-08-04,143.11634826660156,98.8732681274414,167.73599243164062,133.851806640625,149.8766326904297,133.4551544189453,48.38670349121094,274.4460754394531,20.204113006591797,125.26067352294922,410.2842102050781,126.47374725341797,87.35285186767578,28.717130661010742,46.99043273925781
2021-08-05,143.22348022460938,98.65276336669922,168.79949951171875,134.96717834472656,150.16197204589844,135.14051818847656,48.73170471191406,277.32940673828125,20.56586456298828,125.32221984863281,412.8824462890625,125.82904815673828,88.3760757446289,29.031137466430664,47.28805160522461
2021-08-06,142.5407257080078,98.21171569824219,167.2469940185547,134.4590301513672,149.6604766845703,138.97900390625,48.852455139160156,277.27178955078125,20.295799255371094,124.36365509033203,413.56463623046875,123.72757720947266,88.21928405761719,29.01392936706543,47.83368682861328
2021-08-09,142.49197387695312,98.0335693359375,167.093505859375,135.62246704101562,150.17922973632812,138.8289794921875,48.861087799072266,276.1894226074219,20.22504425048828,125.04081726074219,413.228271484375,123.28387451171875,87.74893951416016,29.005332946777344,47.28805160522461
2021-08-10,142.01405334472656,97.9063491821289,166.03399658203125,135.5174560546875,150.23109436035156,140.53204345703125,48.99046325683594,274.37896728515625,19.867279052734375,125.1199951171875,413.7423095703125,122.71453857421875,86.91551971435547,29.035438537597656,48.09823226928711
2021-08-11,142.2676544189453,97.99964141845703,164.60549926757812,134.99444580078125,150.2570343017578,142.20858764648438,48.93009567260742,274.8675537109375,19.631099700927734,125.42778015136719,414.7703552246094,122.63916778564453,87.42710876464844,29.306434631347656,48.23877716064453
2021-08-12,145.22300720214844,98.00813293457031,165.1750030517578,135.9008026123047,151.46742248535156,142.76451110839844,49.02497100830078,277.6070556640625,19.836383819580078,125.71800231933594,416.0134582519531,122.43818664550781,87.61691284179688,29.336551666259766,48.12968063354492
2021-08-13,145.42784118652344,98.36437225341797,164.69850158691406,136.42929077148438,152.3751220703125,141.1673583984375,49.36134338378906,280.5191650390625,20.118412017822266,126.3248519897461,416.7704772949219,124.37226104736328,88.09552001953125,29.543027877807617,47.6429328918457
2021-08-16,147.3980712890625,98.41524505615234,164.94949340820312,137.0057830810547,153.74977111816406,140.24081420898438,49.576969146728516,282.1954345703125,19.881237030029297,127.20430755615234,417.7519226074219,124.67369079589844,87.98825073242188,29.723691940307617,46.94636535644531
2021-08-17,146.49098205566406,98.33891296386719,162.09800720214844,135.3733367919922,155.15896606445312,138.5465850830078,49.40447235107422,280.7393798828125,19.390926361083984,127.4153823852539,415.0134582519531,124.62345886230469,87.8974838256836,29.74089813232422,46.62746810913086
2021-08-18,142.75531005859375,98.34739685058594,160.06100463867188,134.17225646972656,153.18783569335938,137.28480529785156,48.73170471191406,279.0215148925781,18.974367141723633,126.02582550048828,410.4711608886719,125.04199981689453,87.09706115722656,29.59033966064453,45.645565032958984
2021-08-19,143.08697509765625,98.51703643798828,159.3874969482422,134.40106201171875,154.3809051513672,136.1376495361328,49.04221725463867,284.81829833984375,19.729755401611328,127.51207733154297,411.106689453125,125.9630126953125,87.51789855957031,29.710783004760742,44.25244140625
2021-08-20,144.5402069091797,98.52552032470703,159.99749755859375,136.13409423828125,155.1330108642578,136.5259246826172,48.852455139160156,292.1025390625,20.744245529174805,127.60002136230469,414.37786865234375,126.04674530029297,87.95523834228516,30.08071517944336,44.260833740234375
2021-08-23,146.02281188964844,98.52552032470703,163.2935028076172,138.7214813232422,154.46340942382812,138.27308654785156,48.679969787597656,292.3808898925781,21.88231086730957,126.94921875,418.0229797363281,125.9630126953125,87.79021453857422,29.693580627441406,46.081966400146484
2021-08-24,145.9350128173828,98.38133239746094,165.28900146484375,139.9299774169922,152.53268432617188,139.12901306152344,48.309078216552734,290.4326477050781,21.717876434326172,125.92024993896484,418.6865539550781,124.98343658447266,87.4023666381836,29.500003814697266,46.45961380004883
2021-08-25,144.7061004638672,98.19470977783203,164.95899963378906,140.73976135253906,151.5238494873047,141.99684143066406,48.36083221435547,289.84722900390625,22.136428833007812,125.47175598144531,419.5650939941406,123.94520568847656,87.3446044921875,29.555927276611328,46.543540954589844
2021-08-26,143.90626525878906,98.20320129394531,165.8000030517578,140.10731506347656,150.71507263183594,142.72923278808594,47.903709411621094,287.0447998046875,21.99193572998047,125.25191497802734,417.0883483886719,124.28852081298828,87.37760925292969,29.482803344726562,45.91411590576172
2021-08-27,144.9401397705078,98.47461700439453,167.48150634765625,142.64662170410156,150.39329528808594,143.87632751464844,47.99858093261719,287.64947509765625,22.55797576904297,125.1551513671875,420.8175048828125,125.1341552734375,88.29357147216797,29.474201202392578,46.8036994934082
2021-08-30,149.34881591796875,98.58489990234375,171.07850646972656,143.22755432128906,151.0281219482422,141.5732879638672,48.455711364746094,291.3636169433594,22.60979461669922,125.70037841796875,422.6680908203125,125.46070098876953,89.17647552490234,29.5172176361084,46.29176712036133
2021-08-31,148.0906219482422,98.44071197509766,173.5395050048828,143.3335723876953,150.56723022460938,141.140869140625,48.567832946777344,289.7224426269531,22.31177520751953,125.22552490234375,422.0418701171875,124.60664367675781,89.59734344482422,29.482803344726562,45.75466537475586
2021-09-01,148.75384521484375,98.47211456298828,173.9499969482422,143.84669494628906,151.0977325439453,140.93797302246094,48.89558792114258,289.6744689941406,22.36759376525879,126.5007095336914,422.2661437988281,124.81544494628906,91.03311920166016,29.86994743347168,45.125244140625
2021-09-02,149.86575317382812,98.57403564453125,173.156005859375,141.93638610839844,152.13267517089844,141.59095764160156,48.9645881652832,289.0218505859375,22.322738647460938,126.59745025634766,423.5653381347656,125.36030578613281,91.51172637939453,30.14093589782715,46.22463607788086
2021-09-03,150.499755859375,98.40416717529297,173.90249633789062,142.38461303710938,152.2283172607422,140.73501586914062,48.93009567260742,289.0123291015625,22.76827621459961,126.68540954589844,423.46246337890625,124.2201919555664,91.52824401855469,29.891450881958008,46.04840087890625
2021-09-07,152.83090209960938,98.14085388183594,175.46449279785156,142.92050170898438,149.8627471923828,140.48793029785156,48.01583480834961,288.09088134765625,22.58786964416504,126.21046447753906,421.94842529296875,123.17232513427734,90.49676513671875,29.495710372924805,45.77983856201172
2021-09-08,151.289794921875,98.30224609375,176.27499389648438,142.33656311035156,149.49749755859375,139.86141967773438,48.66270446777344,288.1197814941406,22.26592445373535,127.16910552978516,421.4343566894531,124.01062774658203,90.95062255859375,30.02480697631836,45.3602294921875
2021-09-09,150.2754364013672,98.61656188964844,174.20799255371094,142.1879425048828,146.1666717529297,140.47027587890625,48.179710388183594,285.2789306640625,22.104450225830078,126.63264465332031,419.6304931640625,125.5112533569336,89.10223388671875,29.86134147644043,45.393798828125
2021-09-10,145.30105590820312,98.421142578125,173.45750427246094,139.548095703125,145.2100067138672,138.85546875,47.964080810546875,283.8009338378906,22.404468536376953,126.75576782226562,416.3219299316406,124.40467834472656,87.79844665527344,29.444093704223633,45.301483154296875
2021-09-13,145.8667755126953,98.54856872558594,172.85850524902344,140.99087524414062,144.19247436523438,141.06149291992188,48.36083221435547,285.0294189453125,22.07953643798828,128.11892700195312,417.3873596191406,125.15914916992188,88.39258575439453,29.392473220825195,46.4680061340332
2021-09-14,144.471923828125,98.7694320678711,172.5,141.20083618164062,143.3227996826172,138.59959411621094,48.39558792114258,287.7166442871094,22.169240951538086,127.8990249633789,415.1349792480469,126.67649841308594,88.23580169677734,29.29353904724121,45.805023193359375
2021-09-15,145.35958862304688,98.67599487304688,173.7895050048828,143.06813049316406,143.8620147705078,139.56138610839844,48.560707092285156,292.5440979003906,22.26791763305664,127.62641906738281,418.6024475097656,126.2321548461914,88.516357421875,29.25482177734375,47.34920120239258
2021-09-16,145.12545776367188,98.50608825683594,174.41200256347656,142.2563018798828,143.68804931640625,139.4996337890625,48.100120544433594,292.92791748046875,22.169240951538086,126.73818969726562,417.9388427734375,125.65377807617188,88.59062194824219,29.0096378326416,46.84566879272461
2021-09-17,142.4626922607422,98.421142578125,173.12600708007812,139.47283935546875,143.27932739257812,139.13783264160156,47.30931854248047,287.7934265136719,21.82836151123047,126.94042205810547,413.86761474609375,125.05014038085938,87.79844665527344,28.562273025512695,46.29176712036133
2021-09-20,139.41958618164062,98.60801696777344,167.7864990234375,137.4119110107422,142.4618377685547,134.97286987304688,46.979103088378906,282.4476623535156,21.04393768310547,125.66522979736328,406.96673583984375,126.60098266601562,87.26209259033203,28.50983238220215,45.05810546875
2021-09-21,139.89744567871094,98.65049743652344,167.18150329589844,137.7224884033203,143.08798217773438,134.99049377441406,46.970401763916016,282.92755126953125,21.176494598388672,125.85871887207031,406.582275390625,126.4920425415039,87.3033447265625,28.431819915771484,45.016143798828125
2021-09-22,142.25790405273438,98.6844711303711,169.00250244140625,138.961181640625,142.566162109375,137.57601928710938,47.03992462158203,286.55535888671875,21.869226455688477,126.28965759277344,410.5484619140625,127.24649047851562,88.15328216552734,28.41448211669922,46.33372497558594
2021-09-23,143.2137451171875,98.20032501220703,170.8000030517578,139.88491821289062,143.37501525878906,142.22625732421875,46.96172332763672,287.4958801269531,22.408456802368164,126.80852508544922,415.5367126464844,124.37110900878906,87.97998046875,28.262784957885742,47.90309143066406
2021-09-24,143.301513671875,98.03044128417969,171.2760009765625,140.87449645996094,142.94017028808594,143.86753845214844,46.831363677978516,287.2944030761719,22.00876808166504,126.24571990966797,416.2210998535156,123.1555404663086,87.03926849365234,28.23244857788086,48.331092834472656
2021-09-27,141.78970336914062,97.89452362060547,170.2899932861328,139.74224853515625,141.90524291992188,147.34422302246094,46.58803939819336,282.3229675292969,21.589149475097656,124.58351135253906,415.0303039550781,122.70286560058594,85.8685531616211,27.898719787597656,49.766170501708984
2021-09-28,138.4149169921875,97.48680114746094,165.79800415039062,134.5496826171875,141.59214782714844,146.55003356933594,45.745086669921875,272.1019287109375,20.63128662109375,123.6424789428711,406.6667175292969,120.79157257080078,85.28734588623047,27.547657012939453,50.28648376464844
2021-09-29,139.31224060058594,97.55476379394531,165.05599975585938,133.08705139160156,142.64447021484375,146.43533325195312,46.02317428588867,272.5625915527344,20.449886322021484,124.90010833740234,407.3511657714844,121.00112915039062,85.92667388916016,27.907386779785156,50.252925872802734
2021-09-30,138.0150146484375,97.53777313232422,164.2519989013672,132.41595458984375,140.452880859375,144.4410858154297,45.597354888916016,270.5662841796875,20.64823341369629,122.9477310180664,402.37237548828125,120.98434448242188,84.50687408447266,27.68634605407715,49.363346099853516
2021-10-01,139.13668823242188,97.8355484008789,164.16299438476562,135.2559356689453,139.55709838867188,147.47657775878906,46.075321197509766,277.4571838378906,20.674148559570312,122.75426483154297,407.1542663574219,122.00248718261719,85.70249938964844,27.68634605407715,51.134117126464844
2021-10-04,135.713134765625,97.76748657226562,159.48899841308594,132.39962768554688,138.47003173828125,147.31773376464844,46.04924774169922,271.70843505859375,19.66745376586914,122.05946350097656,401.9036560058594,121.69195556640625,85.7191162109375,28.06775665283203,51.79710006713867
2021-10-05,137.63462829589844,97.53778839111328,161.0500030517578,134.7408447265625,138.7830810546875,149.72349548339844,46.12746047973633,277.130859375,20.384098052978516,122.53437042236328,406.08538818359375,120.51683044433594,85.12960052490234,27.998403549194336,51.71317672729492
2021-10-06,138.50271606445312,97.58031463623047,163.10049438476562,136.268310546875,139.07009887695312,150.04306030273438,46.6749382019043,281.3056945800781,20.632280349731445,124.170166015625,407.7731018066406,121.19674682617188,85.94327545166016,28.431819915771484,50.76485061645508
2021-10-07,139.76089477539062,97.30806732177734,165.1215057373047,137.91265869140625,140.31375122070312,150.99288940429688,46.82267379760742,282.9755554199219,21.006059646606445,125.1639175415039,411.298583984375,119.92921447753906,86.17576599121094,28.28012466430664,50.90752029418945
2021-10-08,139.3805389404297,97.09537506103516,164.43099975585938,138.4678955078125,139.95712280273438,151.1083526611328,47.0312385559082,282.9755554199219,20.76285743713379,124.64508056640625,410.5484619140625,119.08992767333984,85.36207580566406,28.072086334228516,52.18313980102539
2021-10-11,139.29275512695312,96.94224548339844,162.31500244140625,137.6046142578125,139.3657684326172,147.9302520751953,47.126834869384766,282.3805847167969,20.627300262451172,125.1639175415039,407.5762023925781,118.78770446777344,85.57794952392578,27.690683364868164,51.662818908691406
2021-10-12,138.02474975585938,97.299560546875,162.3665008544922,135.1627960205078,137.13943481445312,146.79397583007812,47.126834869384766,281.0849304199219,20.60338020324707,124.97927856445312,406.5729064941406,120.81900787353516,86.69886016845703,27.877046585083008,51.3942756652832
2021-10-13,137.43954467773438,97.52078247070312,164.21400451660156,136.28512573242188,138.45265197753906,142.92349243164062,47.13551330566406,284.37677001953125,20.870502471923828,125.26950073242188,408.03564453125,121.99409484863281,87.32987213134766,28.202106475830078,51.25160217285156
2021-10-14,140.21932983398438,97.70793151855469,164.9929962158203,139.82052612304688,139.2440643310547,145.1161651611328,47.45705795288086,290.5574645996094,21.67486572265625,126.68540954589844,414.8990783691406,122.4473876953125,88.39263916015625,28.548839569091797,52.032081604003906
2021-10-15,141.2727813720703,97.46971130371094,170.4510040283203,140.0354461669922,140.2789306640625,147.9036407470703,47.34408187866211,291.9587097167969,21.790485382080078,127.01081085205078,418.058837890625,121.73394012451172,88.32621765136719,28.466489791870117,52.527225494384766
2021-10-18,142.9406280517578,97.40166473388672,172.33700561523438,141.4321746826172,139.25274658203125,147.85037231445312,46.87480163574219,294.9146423339844,22.149303436279297,125.18155670166016,419.2965087890625,122.30470275878906,88.5503921508789,28.193443298339844,52.502052307128906
2021-10-19,145.09622192382812,97.12092590332031,172.20750427246094,141.8868408203125,142.51402282714844,149.64356994628906,47.05730056762695,295.8167419433594,22.217084884643555,123.70406341552734,422.5313415527344,120.61754608154297,88.59191131591797,28.548839569091797,53.290931701660156
2021-10-20,145.58389282226562,97.0528335571289,170.7530059814453,140.4326934814453,142.43569946289062,151.65870666503906,47.47443389892578,295.02978515625,22.030696868896484,124.1877670288086,424.19091796875,119.80335998535156,89.9867935180664,28.999589920043945,53.58465576171875
2021-10-21,145.79849243164062,96.84864807128906,171.75050354003906,140.548583984375,142.10525512695312,150.46917724609375,47.23110580444336,298.2449035644531,22.617767333984375,123.29401397705078,425.2973327636719,119.66062927246094,90.111328125,28.999589920043945,52.61115646362305
2021-10-22,145.02793884277344,97.03583526611328,166.77749633789062,136.26980590820312,142.38356018066406,152.49314880371094,47.318016052246094,296.7092590332031,22.65165901184082,124.62135314941406,424.8566589355469,120.97850799560547,90.53479766845703,29.146944046020508,52.97201919555664
2021-10-25,144.9791717529297,97.12942504882812,166.01849365234375,136.15142822265625,142.6966552734375,151.74745178222656,47.126834869384766,295.7208251953125,23.090221405029297,124.63904571533203,427.1350402832031,120.79386138916016,90.82539367675781,29.021255493164062,54.004276275634766
2021-10-26,145.64244079589844,97.30806732177734,168.80349731445312,137.99537658691406,144.14898681640625,152.15585327148438,47.33539581298828,297.6209716796875,24.636144638061523,126.40886688232422,427.5195007324219,121.79268646240234,91.0744857788086,29.17728614807129,55.25471115112305
2021-10-27,145.18397521972656,97.63137817382812,169.62449645996094,144.8392333984375,142.4009552001953,148.98670959472656,48.247859954833984,310.155029296875,24.371017456054688,125.50625610351562,425.62548828125,124.00861358642578,90.30229949951172,28.98225212097168,53.81962966918945
2021-10-28,148.81239318847656,97.55477905273438,172.32850646972656,144.47425842285156,141.626953125,151.2326202392578,48.69976043701172,311.2875061035156,24.859413146972656,126.25841522216797,429.7322998046875,123.58889770507812,91.5643539428711,29.172950744628906,53.970703125
2021-10-29,146.11058044433594,97.5292739868164,168.6215057373047,146.65052795410156,141.65304565429688,150.81536865234375,48.98651885986328,318.2648010253906,25.483362197875977,126.53275299072266,430.604248046875,123.96670532226562,90.53479766845703,28.999589920043945,54.104976654052734
2021-11-01,145.29127502441406,97.46961212158203,165.90550231933594,142.14439392089844,141.7747802734375,150.7354278564453,48.81272888183594,316.10540771484375,25.742511749267578,126.2230224609375,431.34503173828125,123.0741195678711,90.98314666748047,29.10360336303711,55.0784797668457
2021-11-02,146.3251953125,97.66559600830078,165.6374969482422,144.06166076660156,144.00985717773438,151.3302459716797,48.751888275146484,319.7139587402344,26.314634323120117,127.47956848144531,433.0890197753906,123.62039947509766,91.4148941040039,29.129606246948242,54.39870834350586
2021-11-03,147.75897216796875,97.46961212158203,169.1999969482422,145.21617126464844,143.5489044189453,151.383544921875,48.9170036315918,320.54888916015625,26.51099395751953,128.3556671142578,435.7330017089844,122.34293365478516,91.72212219238281,29.021255493164062,53.65178680419922
2021-11-04,147.2420196533203,97.79341125488281,173.85000610351562,146.8699493408203,143.1488494873047,149.39498901367188,49.1864013671875,322.8906555175781,29.703516006469727,128.59457397460938,437.7865905761719,123.62876892089844,90.85031127929688,28.86089324951172,54.05462646484375
2021-11-05,147.7694854736328,98.17684936523438,175.94949340820312,147.4489288330078,142.13136291503906,149.18197631835938,49.39496994018555,322.52587890625,29.654672622680664,129.23171997070312,439.3055419921875,125.47777557373047,91.31527709960938,29.133947372436523,54.56654357910156
2021-11-08,146.94900512695312,97.99793243408203,174.44900512695312,147.62623596191406,141.64431762695312,150.07858276367188,48.9517707824707,323.41845703125,30.70323371887207,128.2671661376953,439.680419921875,125.24246978759766,91.24053192138672,28.700531005859375,55.15401840209961
2021-11-09,147.31040954589844,98.27059173583984,178.81149291992188,147.5148162841797,141.3312225341797,148.9422607421875,49.090816497802734,322.42041015625,30.556711196899414,128.65650939941406,438.2272033691406,126.8729019165039,91.39830017089844,28.84789276123047,55.691131591796875
2021-11-10,144.48745727539062,97.60598754882812,174.1024932861328,144.518310546875,142.86187744140625,148.80023193359375,49.290679931640625,317.477783203125,29.362628936767578,129.9219207763672,434.70172119140625,124.55323028564453,90.974853515625,29.081933975219727,54.59395980834961
2021-11-11,144.43861389160156,97.42701721191406,173.625,144.3925018310547,141.80960083007812,148.79136657714844,49.30806350708008,319.04217529296875,30.29058837890625,129.55027770996094,434.8423156738281,124.36836242675781,91.12429809570312,28.90423583984375,54.69602966308594
2021-11-12,146.50942993164062,97.40996551513672,176.25750732421875,147.27655029296875,143.5054473876953,148.12559509277344,49.195091247558594,323.1594543457031,30.29058837890625,129.6918487548828,438.12396240234375,123.82208251953125,91.05786895751953,28.886899948120117,54.27928161621094
2021-11-15,146.51919555664062,97.05210876464844,177.28399658203125,147.0526885986328,142.2096405029297,147.8592529296875,49.20377731323242,322.53564453125,29.92677879333496,130.43519592285156,438.2740478515625,122.26727294921875,91.69719696044922,29.268301010131836,54.747066497802734
2021-11-16,147.49600219726562,97.01799011230469,177.03500366210938,146.48214721679688,141.47036743164062,146.79397583007812,48.85617446899414,325.8370361328125,30.104198455810547,130.24932861328125,440.0086669921875,121.95628356933594,91.09107971191406,29.129606246948242,55.29987716674805
2021-11-17,149.92823791503906,97.2480697631836,177.4499969482422,146.65150451660156,142.0009002685547,146.00390625,48.58677291870117,326.0582580566406,29.165283203125,130.16973876953125,438.9397888183594,122.9228286743164,91.3733901977539,29.155611038208008,54.69602966308594
2021-11-18,154.20657348632812,97.33325958251953,184.80299377441406,148.42608642578125,141.23558044433594,144.74334716796875,48.15226745605469,328.1253356933594,31.57138442993164,130.1874237060547,440.43060302734375,123.38504028320312,91.39000701904297,29.003915786743164,54.10066223144531
2021-11-19,156.82435607910156,97.52076721191406,183.82850646972656,147.52272033691406,141.66172790527344,142.8524932861328,47.908939361572266,329.8944396972656,32.877098083496094,129.9219207763672,439.64300537109375,124.687744140625,90.85031127929688,29.168621063232422,51.60018539428711
2021-11-22,157.28347778320312,97.05210876464844,178.6284942626953,144.9229736328125,139.79718017578125,145.8974151611328,48.20439910888672,326.74072265625,31.851459503173828,130.7891387939453,438.40533447265625,123.22537231445312,90.40192413330078,29.3463191986084,52.314605712890625
2021-11-23,157.66444396972656,96.66865539550781,179.0019989013672,144.40786743164062,140.66380310058594,149.38613891601562,48.560707092285156,324.6735534667969,31.64215087890625,132.2404022216797,438.98663330078125,121.44367980957031,91.13259887695312,29.37665557861328,53.69242477416992
2021-11-24,158.18211364746094,96.89019012451172,179.02049255371094,144.74264526367188,140.26991271972656,148.21435546875,48.16964340209961,324.8947448730469,32.567115783691406,131.55018615722656,440.1585998535156,123.39347839355469,92.23687744140625,29.39398765563965,53.9901123046875
2021-11-26,153.1711883544922,97.58038330078125,175.22799682617188,140.84278869628906,139.3594970703125,143.74908447265625,46.69232177734375,316.9818420410156,31.399948120117188,130.49713134765625,430.341796875,126.5114974975586,89.6712875366211,28.934574127197266,52.09348678588867
2021-11-29,156.5215606689453,97.63151550292969,178.07850646972656,144.15875244140625,139.8409423828125,143.12767028808594,47.43098449707031,323.6640625,33.266822814941406,131.8687286376953,435.6205749511719,125.49456024169922,90.33551025390625,29.363649368286133,52.382652282714844
2021-11-30,161.4641876220703,97.79341125488281,175.35350036621094,140.5599822998047,136.49703979492188,140.99717712402344,45.93343734741211,317.8566589355469,32.569114685058594,127.93975067138672,427.1444091796875,127.40239715576172,88.6251220703125,28.5054988861084,50.89426040649414
2021-12-01,160.9464569091797,97.81220245361328,172.18600463867188,139.72195434570312,138.37911987304688,140.1626739501953,45.80208206176758,317.3663024902344,31.336008071899414,129.55027770996094,422.4000549316406,128.18826293945312,87.16381072998047,28.557504653930664,50.85173797607422
2021-12-02,159.95986938476562,97.79513549804688,171.8679962158203,141.61839294433594,137.512451171875,143.10992431640625,46.47641372680664,316.7991027832031,32.024818420410156,130.31130981445312,428.86962890625,128.34817504882812,89.77922058105469,28.921573638916016,52.11899185180664
2021-12-03,158.08445739746094,98.18763732910156,169.489501953125,140.66297912597656,139.51708984375,140.5177764892578,46.88800811767578,310.568603515625,30.596342086791992,132.6297607421875,425.1379699707031,129.87960815429688,89.48030853271484,29.211957931518555,51.78729248046875
2021-12-06,161.48370361328125,97.8462905883789,171.36849975585938,141.8056182861328,142.63340759277344,142.17784118652344,48.08780288696289,313.6261901855469,29.942407608032227,134.63848876953125,430.1729736328125,128.095703125,91.04956817626953,29.65837287902832,52.374149322509766
2021-12-07,167.2076873779297,97.6927261352539,176.1645050048828,145.88136291503906,143.0010528564453,144.3172149658203,48.35053253173828,322.0199890136719,32.32488250732422,134.28451538085938,439.071044921875,127.06078338623047,92.36141967773438,29.879413604736328,52.96099853515625
2021-12-08,171.01722717285156,97.43672943115234,176.1580047607422,146.7897186279297,143.85890197753906,142.6660919189453,48.1666259765625,322.0680236816406,31.725770950317383,134.88629150390625,440.2337646484375,124.86447143554688,93.02566528320312,29.849075317382812,53.11408615112305
2021-12-09,170.50929260253906,97.44528198242188,174.17100524902344,146.24688720703125,145.22447204589844,142.44415283203125,48.04401779174805,320.2699890136719,30.39398193359375,135.673828125,437.2614440917969,125.56291961669922,91.68058013916016,29.810062408447266,53.25016403198242
2021-12-10,175.2858123779297,97.4708480834961,172.21200561523438,146.6064453125,144.86558532714844,141.87599182128906,49.287593841552734,329.3464660644531,30.102901458740234,137.56753540039062,441.3775939941406,125.2600326538086,91.962890625,29.970430374145508,53.59037399291992
2021-12-13,171.66188049316406,97.81220245361328,169.5675048828125,144.4519500732422,147.4567108154297,140.18931579589844,50.583709716796875,326.32733154296875,28.072317123413086,139.52320861816406,437.4676818847656,127.11119842529297,92.82640075683594,30.338821411132812,52.41667175292969
2021-12-14,170.28457641601562,97.6244888305664,169.0915069580078,142.550537109375,149.0673828125,141.26345825195312,50.61874008178711,315.693359375,28.247756958007812,140.0364227294922,434.4578857421875,126.80828094482422,91.63909149169922,30.156803131103516,52.340126037597656
2021-12-15,175.1392364501953,97.54765319824219,173.31500244140625,145.06065368652344,149.8114471435547,140.20706176757812,50.84642791748047,321.7603759765625,30.363080978393555,140.57623291015625,441.246337890625,125.58815002441406,92.92601776123047,30.6508846282959,52.1104850769043
2021-12-16,168.2626495361328,97.6817626953125,168.87100219726562,143.08346557617188,151.44842529296875,142.3997802734375,51.363128662109375,312.3858642578125,28.297603607177734,142.56727600097656,437.355224609375,125.63701629638672,92.89279174804688,30.806909561157227,52.19554138183594
2021-12-17,167.1686248779297,97.80133056640625,170.0175018310547,140.38909912109375,147.26409912109375,139.15956115722656,50.55743408203125,311.3281555175781,27.71345329284668,139.33734130859375,432.700439453125,127.06075286865234,92.77657318115234,30.343158721923828,51.05586242675781
2021-12-20,165.81088256835938,97.65614318847656,167.07899475097656,140.27218627929688,146.84393310546875,136.6562042236328,50.39104461669922,307.5881042480469,27.63170623779297,139.6913299560547,428.0993957519531,126.10880279541016,92.05420684814453,30.37198829650879,50.315921783447266
2021-12-21,168.9757537841797,97.57925415039062,170.41700744628906,142.12014770507812,146.37123107910156,138.56480407714844,50.592464447021484,314.68389892578125,28.983444213867188,139.60279846191406,435.7019958496094,125.6285629272461,93.09208679199219,30.328311920166016,51.455596923828125
2021-12-22,171.564208984375,97.6646957397461,171.03700256347656,145.034912109375,147.0015106201172,139.1063232421875,50.95152282714844,320.36614990234375,29.307415008544922,140.98330688476562,440.0584411621094,126.20990753173828,94.04691314697266,30.459362030029297,51.87234878540039
2021-12-23,172.1893768310547,97.54510498046875,171.06849670410156,145.53167724609375,147.28163146972656,139.60340881347656,50.98655700683594,321.79876708984375,29.546653747558594,141.6735076904297,442.7965393066406,125.1147689819336,93.9472885131836,30.454992294311523,51.897857666015625
2021-12-27,176.1453857421875,97.59635925292969,169.66949462890625,146.51234436035156,148.524658203125,140.40237426757812,51.363128662109375,329.25994873046875,30.847551345825195,143.32826232910156,449.06304931640625,125.41802215576172,95.54216766357422,30.60350799560547,52.63779830932617
2021-12-28,175.12950134277344,97.55365753173828,170.66099548339844,145.30430603027344,149.11988830566406,140.8284912109375,51.56455612182617,328.1060485839844,30.22650909423828,144.09812927246094,448.6960754394531,124.92097473144531,95.89417266845703,30.878713607788086,52.46769332885742
2021-12-29,175.21742248535156,97.26322174072266,169.2010040283203,145.27264404296875,150.17034912109375,140.75746154785156,51.6258659362793,328.7791442871094,29.90652084350586,145.29278564453125,449.2700500488281,123.55626678466797,96.53949737548828,31.044692993164062,52.008426666259766
2021-12-30,174.0648193359375,97.47676086425781,168.64450073242188,144.82241821289062,150.8356475830078,140.6864471435547,51.47698211669922,326.25042724609375,29.492828369140625,144.0362091064453,448.0280456542969,124.5924072265625,96.95854187011719,31.15827178955078,51.70225143432617
2021-12-31,173.4494171142578,97.4426040649414,166.7169952392578,143.4866180419922,149.75018310546875,140.5710906982422,51.85354995727539,323.3659973144531,29.31838035583496,144.75299072265625,446.89886474609375,124.83673858642578,97.22672271728516,31.267467498779297,52.04243469238281
2022-01-03,177.786376953125,96.77637481689453,170.4044952392578,143.62481689453125,150.1615753173828,143.54495239257812,51.932373046875,321.8565368652344,30.026140213012695,144.15126037597656,449.4864807128906,121.5597915649414,96.46407318115234,30.957340240478516,54.041133880615234
2022-01-04,175.53001403808594,96.76781463623047,167.52200317382812,143.0383758544922,149.7589111328125,148.98670959472656,52.79936981201172,316.3374938964844,29.197755813598633,144.6556396484375,449.3359680175781,121.05430603027344,96.34674072265625,30.861228942871094,56.07384490966797
2022-01-05,170.86093139648438,96.46885681152344,164.35699462890625,136.47633361816406,150.75686645507812,146.2628631591797,53.23725891113281,304.1939697265625,27.517070770263672,145.3104705810547,440.7076721191406,120.39725494384766,93.58941650390625,30.84375762939453,56.771263122558594
2022-01-06,168.0086669921875,96.36638641357422,163.25399780273438,136.4490966796875,150.24038696289062,147.8167724609375,52.95701599121094,301.7903137207031,28.08926010131836,144.08929443359375,440.29364013671875,120.70890808105469,93.67320251464844,30.52487564086914,58.106563568115234
2022-01-07,168.1747589111328,96.08450317382812,162.5540008544922,135.7254638671875,152.27127075195312,149.28135681152344,52.83440399169922,301.9441833496094,27.161195755004883,144.00965881347656,438.55291748046875,119.84124755859375,93.05304718017578,30.756393432617188,58.58283615112305
2022-01-10,168.19427490234375,95.99907684326172,161.48599243164062,137.36239624023438,151.5184326171875,149.42428588867188,52.92197799682617,302.1653137207031,27.3137149810791,142.04515075683594,438.00726318359375,120.13606262207031,92.51665496826172,30.555450439453125,58.23412322998047
2022-01-11,171.01722717285156,96.1784439086914,165.36199951171875,138.4188690185547,149.9077606201172,149.57606506347656,52.93949890136719,302.8479919433594,27.729394912719727,140.3992156982422,441.99676513671875,120.93636322021484,92.65912628173828,30.280258178710938,60.683589935302734
2022-01-12,171.45675659179688,96.1784439086914,165.20700073242188,140.0973663330078,148.62966918945312,150.42446899414062,53.018314361572266,306.0111999511719,27.910829544067383,140.70895385742188,443.1917419433594,120.47305297851562,92.7680892944336,30.376365661621094,60.50497055053711
2022-01-13,168.19427490234375,96.34925842285156,161.21400451660156,137.2806854248047,147.72804260253906,150.2369384765625,53.33359146118164,293.0600891113281,26.491313934326172,140.07183837890625,437.0851135253906,121.54285430908203,92.58373260498047,30.52487564086914,60.07121658325195
2022-01-14,169.05386352539062,95.81116485595703,162.13800048828125,138.16575622558594,146.92271423339844,141.0028533935547,53.76270294189453,298.2520446777344,26.85715103149414,141.41685485839844,437.26385498046875,119.70646667480469,91.74562072753906,30.31520652770996,61.125850677490234
2022-01-18,165.8597412109375,95.2303237915039,158.91749572753906,134.71607971191406,146.27496337890625,135.0908966064453,53.33359146118164,290.9927978515625,25.821428298950195,138.69134521484375,429.5201416015625,118.02161407470703,90.78180694580078,29.952646255493164,62.15494918823242
2022-01-19,162.37258911132812,95.43535614013672,156.2989959716797,133.84288024902344,145.81973266601562,133.00115966796875,53.42116165161133,291.6466369628906,24.988052368164062,143.3548126220703,425.0601806640625,118.83879089355469,89.55821228027344,30.088058471679688,62.18046951293945
2022-01-20,160.6924591064453,95.4865951538086,151.66749572753906,132.05091857910156,144.65550231933594,131.8669891357422,53.202232360839844,289.98333740234375,24.073945999145508,144.1288299560547,420.3556213378906,119.5716323852539,88.41002655029297,30.127376556396484,62.3165397644043
2022-01-21,158.64122009277344,95.8624038696289,142.64300537109375,129.12283325195312,144.3228302001953,129.56292724609375,52.93949890136719,284.62786865234375,23.30038833618164,144.68043518066406,412.1038513183594,120.99533081054688,88.19213104248047,30.070585250854492,61.38099670410156
2022-01-24,157.86956787109375,95.75133514404297,144.54400634765625,129.571044921875,142.65966796875,129.4468536376953,52.5103759765625,284.9547424316406,23.298397064208984,143.50607299804688,413.85394287109375,120.00130462646484,88.3597412109375,29.78229331970215,61.90830993652344
2022-01-25,156.07223510742188,95.65740966796875,139.98599243164062,125.7385025024414,146.73890686035156,130.8578643798828,52.38776397705078,277.3783264160156,22.25369644165039,141.94024658203125,408.8009948730469,119.80757904052734,88.00775909423828,29.314895629882812,63.7283935546875
2022-01-26,155.98434448242188,95.11930084228516,138.87249755859375,128.01486206054688,147.39541625976562,132.09921264648438,52.19511032104492,285.28167724609375,22.700286865234375,140.7035675048828,407.77545166015625,118.35855865478516,86.63327026367188,29.074644088745117,63.08201217651367
2022-01-27,155.52523803710938,95.43535614013672,139.6374969482422,127.78897857666016,149.3299560546875,129.76832580566406,52.23888397216797,288.2911071777344,21.874897003173828,141.575439453125,405.76190185546875,120.53201293945312,85.20014953613281,29.332365036010742,63.89000701904297
2022-01-28,166.37741088867188,95.50367736816406,143.97799682617188,132.09402465820312,150.3804473876953,130.9293212890625,53.281036376953125,296.3868103027344,22.768075942993164,142.7943115234375,415.83917236328125,120.57416534423828,87.95745849609375,29.686189651489258,64.02606964111328
2022-01-31,170.72418212890625,95.4951400756836,149.57350158691406,134.0281219482422,150.81813049316406,132.7064666748047,53.4299201965332,299.0020446777344,24.408889770507812,142.7498321533203,423.328857421875,119.95075988769531,89.03860473632812,30.249683380126953,64.60444641113281
2022-02-01,170.55810546875,95.46175384521484,151.19349670410156,136.34657287597656,149.58387756347656,134.98373413085938,53.03582763671875,296.8675231933594,24.56041145324707,142.11813354492188,426.1893310546875,119.55259704589844,88.7201156616211,29.84781265258789,68.74638366699219
2022-02-02,171.75958251953125,95.56439971923828,150.6125030517578,146.60496520996094,151.2383270263672,133.9031524658203,53.57880401611328,301.3865051269531,25.162506103515625,144.6626434326172,430.32928466796875,119.9574966430664,89.8515625,30.28899383544922,68.56776428222656
2022-02-03,168.8877716064453,95.17950439453125,138.8455047607422,141.7412109375,151.2295684814453,132.7957763671875,53.95537185668945,289.6467590332031,23.872581481933594,146.03277587890625,420.2145080566406,119.02112579345703,88.89610290527344,30.15358543395996,67.76829528808594
2022-02-04,168.60418701171875,94.58070373535156,157.63949584960938,141.9423370361328,150.24038696289062,136.24293518066406,53.38612747192383,294.15618896484375,24.242416381835938,143.71070861816406,422.1903991699219,117.26647186279297,88.01612091064453,29.913331985473633,69.23969268798828
2022-02-07,167.8902130126953,94.666259765625,157.9355010986328,137.8888702392578,149.74142456054688,136.69839477539062,53.94661331176758,289.3583679199219,24.650129318237305,142.6342010498047,420.83551025390625,117.34239959716797,87.89041900634766,29.869647979736328,70.07316589355469
2022-02-08,170.99058532714844,94.37541198730469,161.4134979248047,138.0850372314453,150.1353759765625,139.27032470703125,54.29691696166992,292.8293151855469,25.028928756713867,142.3138885498047,424.2981262207031,116.55784606933594,87.47974395751953,29.89149284362793,68.26158142089844
2022-02-09,172.40875244140625,94.43528747558594,161.1894989013672,140.2573699951172,150.11782836914062,139.85084533691406,53.456199645996094,299.22314453125,26.620901107788086,141.9936065673828,430.50811767578125,116.77719116210938,89.4576416015625,30.02254295349121,67.934814453125
2022-02-10,168.34010314941406,93.56278991699219,159.0034942626953,137.31336975097656,148.30581665039062,139.27032470703125,53.75394058227539,290.7331848144531,25.742677688598633,139.83168029785156,422.7737121582031,114.92134857177734,87.34566497802734,29.262474060058594,67.2812728881836
2022-02-11,164.9365234375,94.17867279052734,153.2935028076172,133.01675415039062,146.80894470214844,137.45742797851562,52.79936981201172,283.6759948730469,23.873579025268555,139.04873657226562,414.4372253417969,116.6253662109375,86.54946899414062,29.279943466186523,68.97532653808594
2022-02-14,165.17123413085938,93.6312026977539,155.16700744628906,134.24855041503906,144.96188354492188,136.18043518066406,53.14092254638672,283.6374816894531,24.19057846069336,139.44912719726562,413.082275390625,115.17438507080078,85.76167297363281,29.03095817565918,67.91761779785156
2022-02-15,168.99539184570312,93.47724151611328,156.510498046875,135.32083129882812,146.4587860107422,138.17190551757812,53.34233856201172,288.8968200683594,26.41156768798828,139.5203094482422,419.7440490722656,113.86682891845703,86.53272247314453,28.89554786682129,67.06629180908203
2022-02-16,168.76063537597656,93.58845520019531,158.10049438476562,136.43966674804688,146.37123107910156,138.42198181152344,53.33359146118164,288.5596008300781,26.427515029907227,140.5790252685547,420.2145080566406,114.54173278808594,86.93498992919922,28.961071014404297,67.37584686279297
2022-02-17,165.17123413085938,93.78520202636719,154.65249633789062,131.2896728515625,145.4783477783203,135.23374938964844,54.402000427246094,280.1099853515625,24.42981719970703,142.1893768310547,411.23809814453125,115.39375305175781,86.01307678222656,28.97854232788086,67.27265930175781
2022-02-18,163.62594604492188,93.98193359375,152.60150146484375,129.17384338378906,143.91897583007812,135.8678436279297,54.76982498168945,277.4122314453125,23.567546844482422,142.260498046875,408.5752868652344,116.60845947265625,85.49346923828125,28.926122665405273,66.52452850341797
2022-02-22,160.71141052246094,93.87926483154297,150.19749450683594,128.58985900878906,141.9631805419922,135.62669372558594,54.5421257019043,277.2099609375,23.316341400146484,140.5077667236328,404.190673828125,116.91218566894531,85.18338775634766,28.89554786682129,65.7505874633789
2022-02-23,156.55471801757812,93.46015167236328,144.82699584960938,126.3853530883789,142.03367614746094,132.78684997558594,53.937862396240234,270.0321044921875,22.316499710083008,138.75514221191406,397.0207824707031,115.30094909667969,83.77539825439453,28.406312942504883,66.01715850830078
2022-02-24,159.16610717773438,93.6312026977539,151.35800170898438,131.4402313232422,139.3201904296875,129.089599609375,52.99203872680664,283.8289794921875,23.673213958740234,135.0184783935547,402.99566650390625,115.37686157226562,85.18338775634766,28.633459091186523,65.18302917480469
2022-02-25,161.22975158691406,93.72531127929688,153.7884979248047,133.19207763671875,146.24481201171875,132.14382934570312,55.04130554199219,286.4496154785156,24.080923080444336,140.7836456298828,411.8873596191406,115.46119689941406,87.2366943359375,29.52019500732422,66.93728637695312
2022-02-28,161.4938201904297,94.40106964111328,153.56300354003906,133.78396606445312,144.9849853515625,126.63375091552734,54.50710678100586,287.87554931640625,24.308208465576172,138.69290161132812,410.8335266113281,117.9919662475586,85.93765258789062,29.6730899810791,67.43605041503906
2022-03-01,159.61598205566406,94.93305206298828,151.14199829101562,132.79783630371094,144.4828643798828,121.85594177246094,54.2706413269043,284.17584228515625,23.403060913085938,136.3974609375,404.5764465332031,119.35610961914062,85.48509979248047,29.415359497070312,68.08100128173828
2022-03-02,162.9021759033203,93.7937240600586,152.05250549316406,133.3030242919922,146.280029296875,124.38327026367188,54.673492431640625,289.22442626953125,24.147836685180664,136.8245391845703,412.01910400390625,115.27625274658203,87.08585357666016,29.773548126220703,69.2505111694336
2022-03-03,162.5794677734375,94.11068725585938,147.89849853515625,132.63735961914062,148.42967224121094,123.4991226196289,54.70852279663086,285.1103515625,23.643348693847656,137.3316650390625,409.9678649902344,116.45039367675781,87.7982177734375,30.29773712158203,69.68907165527344
2022-03-04,159.58663940429688,94.48760223388672,145.64100646972656,130.6631317138672,149.3106689453125,120.02523040771484,54.79609680175781,279.2717590332031,22.867666244506836,138.02561950683594,406.6370849609375,118.46076965332031,88.20050048828125,30.96607208251953,72.31188201904297
2022-03-07,155.8016357421875,93.93936157226562,137.4530029296875,125.187255859375,151.71578979492188,115.39033508300781,53.49122619628906,268.7217102050781,21.28838539123535,135.9793243408203,394.64971923828125,117.5569076538086,86.45728302001953,31.367944717407227,74.91748046875
2022-03-08,153.9824981689453,93.60525512695312,136.01449584960938,125.90641021728516,148.64111328125,114.57766723632812,51.371891021728516,265.7735290527344,21.44990348815918,130.59674072265625,391.6576232910156,116.3743667602539,86.03823852539062,30.88306999206543,75.48503112792969
2022-03-09,159.37147521972656,93.40821075439453,139.2790069580078,132.16238403320312,149.20494079589844,119.16790771484375,51.634620666503906,277.9613952636719,22.945432662963867,132.35833740234375,402.1582336425781,115.2339859008789,87.36241149902344,30.664657592773438,71.19398498535156
2022-03-10,155.0387725830078,92.88567352294922,146.8175048828125,131.1812286376953,149.46925354003906,117.75689697265625,50.68880081176758,275.1576843261719,22.590496063232422,128.95086669921875,400.34228515625,113.57839965820312,87.580322265625,30.86996078491211,73.40399169921875
2022-03-11,151.33200073242188,92.86853790283203,145.52450561523438,128.6463623046875,149.1961669921875,115.10455322265625,50.72382736206055,269.83941650390625,22.03415870666504,127.42056274414062,395.2519226074219,113.95850372314453,86.88469696044922,30.7651309967041,73.02562713623047
2022-03-14,147.31224060058594,91.96907043457031,141.85299682617188,124.76378631591797,151.25767517089844,116.24763488769531,51.65924072265625,266.3420715332031,21.266450881958008,129.04869079589844,392.36328125,111.2977066040039,86.20584869384766,30.730186462402344,70.41143035888672
2022-03-15,151.68406677246094,92.17467498779297,147.3665008544922,127.98017120361328,155.1781005859375,118.31056213378906,52.6122932434082,276.6607360839844,22.904556274414062,133.69285583496094,400.991455078125,111.10342407226562,86.78412628173828,31.123315811157227,66.40412902832031
2022-03-16,156.08523559570312,92.24317932128906,153.10400390625,132.02418518066406,153.75086975097656,123.59737396240234,52.47109603881836,283.6362609863281,24.423017501831055,133.23910522460938,409.8832092285156,112.19312286376953,87.81497192382812,31.06653594970703,66.15473937988281
2022-03-17,157.09263610839844,92.39739990234375,157.23899841308594,132.57742309570312,155.7595672607422,125.16024780273438,53.02705001831055,284.4359436035156,24.692211151123047,133.65725708007812,415.0112609863281,111.35682678222656,89.17268371582031,31.19757843017578,67.91761779785156
2022-03-18,160.3788604736328,92.60297393798828,161.25050354003906,134.84237670898438,154.0327911376953,125.1155776977539,53.035884857177734,289.45562744140625,26.374183654785156,133.58609008789062,419.5567321777344,112.71683502197266,89.17268371582031,30.931119918823242,67.65103912353516
2022-03-21,161.74813842773438,91.69493865966797,161.4915008544922,134.81861877441406,154.90496826171875,124.71373748779297,53.45945739746094,288.2320556640625,26.65435028076172,134.09323120117188,419.4339599609375,110.10669708251953,88.62793731689453,31.137794494628906,70.68659973144531
2022-03-22,165.11257934570312,91.44651794433594,164.88900756835938,138.5496063232422,154.1737518310547,127.36604309082031,53.65359115600586,292.9530944824219,26.44497299194336,135.12522888183594,424.34197998046875,108.69601440429688,88.85421752929688,31.18177032470703,70.37702941894531
2022-03-23,166.47206115722656,91.82345581054688,163.4080047607422,136.97213745117188,153.59228515625,124.82980346679688,53.30061721801758,288.54998779296875,25.55763053894043,134.1821746826172,418.87713623046875,111.07806396484375,87.85733795166016,31.22574806213379,71.48634338378906
2022-03-24,170.24729919433594,91.61785888671875,163.64950561523438,140.23756408691406,154.38519287109375,125.6424789428711,53.81243896484375,292.9916076660156,28.066129684448242,134.41348266601562,425.19140625,110.20805358886719,88.41349029541016,31.546749114990234,71.70132446289062
2022-03-25,170.88299560546875,90.88968658447266,164.77349853515625,140.33761596679688,155.86526489257812,126.74092864990234,54.297794342041016,292.5869140625,27.609498977661133,135.970458984375,427.2678527832031,108.67912292480469,89.51740264892578,32.00407409667969,73.26641082763672
2022-03-28,171.74368286132812,91.11241149902344,168.99049377441406,140.12216186523438,156.66697692871094,125.80318450927734,54.64194869995117,299.35052490234375,28.134925842285156,136.90463256835938,430.3070983886719,109.6082992553711,90.4696273803711,32.21076583862305,71.21116638183594
2022-03-29,175.0299072265625,91.54074096679688,169.31500244140625,141.16224670410156,156.58766174316406,126.08004760742188,54.85374069213867,303.8885192871094,28.57062530517578,138.31031799316406,435.6303405761719,110.43608093261719,93.1240463256836,32.50978088378906,70.83277893066406
2022-03-30,173.86602783203125,91.7891845703125,166.30099487304688,140.6005859375,158.217529296875,125.50852966308594,54.89786911010742,302.3950500488281,27.60750389099121,137.3583221435547,432.9403991699219,111.2977066040039,92.44992065429688,32.77802276611328,72.04530334472656
2022-03-31,170.77542114257812,91.7463607788086,162.99749755859375,137.75665283203125,156.1383819580078,121.73986053466797,54.712547302246094,297.04779052734375,27.2047061920166,135.94374084472656,426.27691650390625,111.5679931640625,91.32073974609375,32.742835998535156,71.02197265625
2022-04-01,170.48199462890625,91.58333587646484,163.55999755859375,138.82945251464844,156.98411560058594,120.83789825439453,55.48029708862305,298.1172790527344,26.632417678833008,137.98110961914062,427.4850769042969,111.99267578125,93.09877014160156,33.200172424316406,71.47772979736328
2022-04-04,174.52130126953125,91.66055297851562,168.34649658203125,141.6238250732422,155.4688262939453,121.37372589111328,55.18907928466797,303.4645690917969,27.278484344482422,137.0825653076172,431.1470642089844,111.21439361572266,92.64373779296875,32.94511795043945,71.51214599609375
2022-04-05,171.2155303955078,90.7339859008789,164.05499267578125,139.26580810546875,156.47312927246094,119.96125030517578,55.12730407714844,299.52392578125,25.853740692138672,137.56297302246094,425.70111083984375,108.7018051147461,92.18869018554688,33.15180587768555,71.14237213134766
2022-04-06,168.05645751953125,90.50236511230469,158.75599670410156,135.2609100341797,160.54335021972656,118.296875,55.683258056640625,288.5596008300781,24.33428382873535,139.5291748046875,421.4444580078125,107.82194519042969,93.2841567993164,33.811397552490234,71.93350982666016
2022-04-07,168.35968017578125,90.30502319335938,157.7845001220703,134.6076202392578,160.1292266845703,117.93700408935547,55.9832878112793,290.3612365722656,24.135879516601562,141.33522033691406,423.5680236816406,107.00980377197266,92.35722351074219,33.727840423583984,73.13741302490234
2022-04-08,166.35464477539062,89.85034942626953,154.4604949951172,132.03115844726562,160.4464569091797,120.09620666503906,56.327457427978516,286.1220397949219,23.050119400024414,142.4384307861328,422.4354553222656,105.85081481933594,92.50890350341797,33.842185974121094,74.67669677734375
2022-04-11,162.1099853515625,89.46427917480469,151.1219940185547,127.60923767089844,158.43775939941406,119.6553726196289,56.30980682373047,274.8397521972656,21.851701736450195,141.89573669433594,415.2150573730469,104.17571258544922,91.51453399658203,33.38045883178711,72.10549926757812
2022-04-12,163.97804260253906,89.74737548828125,150.78750610351562,126.51065826416016,158.49063110351562,118.34185791015625,56.97164535522461,271.7567443847656,21.439931869506836,141.4686737060547,413.6765441894531,104.03190612792969,91.37970733642578,33.50797653198242,73.6103744506836
2022-04-13,166.65786743164062,89.92754364013672,155.54100036621094,128.66961669921875,159.16018676757812,114.52729034423828,57.12166976928711,277.1135559082031,22.1368465423584,141.86907958984375,418.4147033691406,104.24341583251953,92.02857208251953,33.442020416259766,74.6509017944336
2022-04-14,161.66004943847656,89.19830322265625,151.7064971923828,125.53543853759766,158.49063110351562,113.46568298339844,57.37758255004883,269.6081237792969,21.19466209411621,141.0772247314453,413.2046203613281,102.15380859375,91.63252258300781,33.45960998535156,75.52803802490234
2022-04-18,161.4449462890625,88.92378234863281,152.78500366210938,126.4730224609375,156.51718139648438,115.57089233398438,56.865760803222656,270.2729187011719,21.71809959411621,139.7338104248047,413.3746032714844,101.64619445800781,91.26173400878906,33.27932357788086,76.14720153808594
2022-04-19,163.72373962402344,88.38329315185547,158.11549377441406,128.78353881835938,161.29217529296875,117.96398162841797,57.42170333862305,274.87835693359375,22.13186264038086,141.82455444335938,420.0475158691406,100.88479614257812,93.25045776367188,33.494789123535156,75.46784210205078
2022-04-20,163.55747985839844,88.88947296142578,153.9980010986328,126.83308410644531,162.00579833984375,118.37785339355469,58.207096099853516,275.8995361328125,21.417999267578125,145.59683227539062,419.7360534667969,102.91520690917969,94.80097198486328,33.767425537109375,75.63982391357422
2022-04-21,162.76528930664062,88.4004135131836,148.29600524902344,123.63799285888672,161.53883361816406,117.46018981933594,58.427703857421875,270.5523376464844,20.122867584228516,145.4832000732422,413.4595031738281,102.15380859375,94.14369201660156,33.20896911621094,74.840087890625
2022-04-22,158.23690795898438,88.31463623046875,144.35000610351562,118.50782012939453,159.93544006347656,114.0864486694336,57.58053970336914,264.0200500488281,19.456859588623047,144.26644897460938,402.114501953125,101.51085662841797,92.4920425415039,32.65049362182617,73.20622253417969
2022-04-25,159.3030242919922,88.9066162109375,146.07400512695312,121.91389465332031,163.8734588623047,114.0504379272461,58.189453125,270.46563720703125,19.84270668029785,145.42953491210938,404.44586181640625,102.52606201171875,92.256103515625,32.426231384277344,70.73821258544922
2022-04-26,153.3565673828125,89.18112182617188,139.39100646972656,117.5316162109375,162.7017364501953,110.67670440673828,57.404056549072266,260.3492126464844,18.73202133178711,142.96023559570312,392.732666015625,103.55815124511719,90.73926544189453,32.100826263427734,70.76400756835938
2022-04-27,153.131591796875,88.82081604003906,138.16700744628906,113.21715545654297,160.42880249023438,109.23724365234375,57.85410690307617,272.874267578125,18.360136032104492,142.57550048828125,393.8370666503906,102.22993469238281,90.14098358154297,31.946914672851562,72.78484344482422
2022-04-28,160.04632568359375,88.78650665283203,144.59649658203125,117.4052963256836,161.626953125,110.964599609375,58.41006088256836,279.0502014160156,19.72306251525879,146.19898986816406,403.7851257324219,102.38223266601562,91.80106353759766,32.303096771240234,74.98628997802734
2022-04-29,154.18789672851562,88.25457000732422,124.28150177001953,113.03390502929688,158.98402404785156,107.38396453857422,57.01577377319336,267.38250732421875,18.491743087768555,143.6401824951172,388.86297607421875,101.05398559570312,87.58767700195312,31.33568000793457,73.30938720703125
2022-05-02,154.49110412597656,87.77418518066406,124.5,115.48408508300781,157.3805389404297,108.36457061767578,55.9832878112793,274.07861328125,19.474803924560547,141.69874572753906,391.2037048339844,99.3023452758789,85.47256469726562,31.014671325683594,74.30693817138672
2022-05-03,155.97769165039062,87.97181701660156,124.25350189208984,116.22801208496094,157.07217407226562,110.68571472167969,55.66561508178711,271.4869079589844,19.54360008239746,139.7572784423828,392.99700927734375,99.97183990478516,86.53434753417969,31.13340187072754,75.83763122558594
2022-05-04,162.37405395507812,88.53907012939453,125.92849731445312,121.10858154296875,158.75489807128906,114.34735107421875,57.386409759521484,279.38739013671875,20.273420333862305,140.7861785888672,404.9649353027344,100.52266693115234,87.5286865234375,31.82818031311035,78.85597229003906
2022-05-05,153.32717895507812,87.66242980957031,116.40699768066406,115.40731811523438,155.7242889404297,111.48641967773438,56.92753219604492,267.2187194824219,18.787858963012695,138.1916046142578,390.5713195800781,97.76849365234375,85.19447326660156,31.502784729003906,77.66067504882812
2022-05-06,154.05201721191406,87.29288482666016,114.77249908447266,114.65547943115234,155.38070678710938,111.30647277832031,57.130489349365234,264.6944274902344,18.619359970092773,139.5694122314453,388.239990234375,96.32781219482422,84.18327331542969,31.753433227539062,78.84738159179688
2022-05-09,148.93914794921875,87.72259521484375,108.78900146484375,111.45048522949219,156.2264862060547,109.63310241699219,57.01577377319336,254.91519165039062,16.899497985839844,139.22047424316406,375.80963134765625,97.17530059814453,80.4754867553711,31.515972137451172,72.63005065917969
2022-05-10,151.33883666992188,87.98902130126953,108.85900115966797,113.31671142578125,156.0150146484375,106.96109771728516,56.48629379272461,259.65545654296875,17.542577743530273,138.4868621826172,376.677978515625,98.05662536621094,79.00923156738281,31.13340187072754,73.11163330078125
2022-05-11,143.49325561523438,88.31561279296875,105.37200164794922,112.53168487548828,155.16928100585938,106.28634643554688,56.751033782958984,251.03240966796875,16.580455780029297,136.53648376464844,370.6940002441406,99.9463882446289,78.84069061279297,31.357666015625,74.63371276855469
2022-05-12,139.63414001464844,88.47889709472656,106.93049621582031,111.78034210205078,156.70220947265625,106.19638061523438,56.92753219604492,246.02239990234375,16.12680435180664,135.9817657470703,370.30706787109375,99.75997924804688,79.45584106445312,31.041053771972656,74.97251892089844
2022-05-13,144.0907440185547,88.10076141357422,113.05500030517578,114.95660400390625,155.8035888671875,107.14102935791016,57.99530792236328,251.58160400390625,17.65324592590332,137.4400634765625,379.16033935546875,98.28544616699219,81.55410766601562,31.410430908203125,77.19649505615234
2022-05-16,142.55294799804688,88.29841613769531,110.81050109863281,113.36624145507812,156.88719177246094,106.39432525634766,58.207096099853516,251.94773864746094,17.21256446838379,138.78207397460938,377.6218566894531,98.18375396728516,81.04007720947266,31.50717544555664,79.01216125488281
2022-05-17,146.17701721191406,87.81713104248047,115.36849975585938,115.37511444091797,157.53915405273438,109.9209976196289,58.04824447631836,257.0733947753906,18.122846603393555,138.388427734375,385.3896789550781,96.99730682373047,82.14399719238281,31.832582473754883,80.0199203491211
2022-05-18,137.9298095703125,88.16951751708984,107.11250305175781,110.8447265625,154.61422729492188,108.04069519042969,54.006587982177734,245.36891174316406,16.887535095214844,129.76376342773438,369.85394287109375,99.06507110595703,79.75921630859375,31.524768829345703,78.75154876708984
2022-05-19,134.53106689453125,88.39297485351562,107.31900024414062,109.3435287475586,153.23989868164062,106.43929290771484,52.947635650634766,244.46116638183594,17.072986602783203,126.77550506591797,367.58880615234375,99.3023452758789,79.40530395507812,31.458799362182617,79.17723083496094
2022-05-20,134.76612854003906,88.65938568115234,107.59100341796875,107.88143157958984,155.9181365966797,105.56661987304688,53.81243896484375,243.9010467529297,16.64426040649414,126.85604095458984,367.749267578125,100.4294204711914,79.91089630126953,31.546749114990234,79.80274200439453
2022-05-23,140.17282104492188,88.3671875,107.55699920654297,110.43711853027344,159.10121154785156,112.09818267822266,55.47146987915039,251.7136688232422,16.847654342651367,129.77268981933594,374.6298522949219,98.77693176269531,80.83783721923828,31.924928665161133,81.56627655029297
2022-05-24,137.4792938232422,89.04612731933594,104.0999984741211,104.97113037109375,160.83905029296875,113.68159484863281,56.495121002197266,250.71897888183594,16.105871200561523,132.08096313476562,371.7699890136719,100.7260513305664,81.52040100097656,32.56254959106445,82.00933837890625
2022-05-25,137.635986328125,89.41571044921875,106.7750015258789,104.80769348144531,159.2608184814453,114.47330474853516,56.53923797607422,253.51962280273438,16.92442512512207,129.91586303710938,375.0545349121094,101.12435913085938,82.21141052246094,32.54056167602539,83.65995788574219
2022-05-26,140.8290557861328,89.34691619873047,111.07749938964844,106.7764663696289,159.11895751953125,116.45256042480469,56.742218017578125,256.7835998535156,17.797815322875977,131.05209350585938,382.5487060546875,100.66670989990234,82.3125228881836,32.63290786743164,83.95531463623047
2022-05-27,146.56883239746094,89.49305725097656,115.14649963378906,111.25780487060547,160.564208984375,118.09896087646484,57.077545166015625,263.87200927734375,18.754955291748047,133.05615234375,391.93988037109375,100.91248321533203,84.52033996582031,33.14300537109375,84.78062438964844
2022-05-31,145.7852325439453,88.9258041381836,120.20950317382812,112.689697265625,159.1810302734375,118.9626235961914,55.93034362792969,262.5489196777344,18.61636734008789,132.3046112060547,389.7407531738281,98.77693176269531,83.48384857177734,32.685672760009766,83.39933776855469
2022-06-01,145.65789794921875,88.56074523925781,121.68399810791016,112.8184585571289,157.5673065185547,116.87540435791016,55.65678787231445,263.08013916015625,18.265417098999023,130.30055236816406,386.5882873535156,98.66403198242188,82.7928466796875,32.63290786743164,84.99778747558594
2022-06-02,148.10659790039062,88.67268371582031,125.51100158691406,116.5137939453125,157.07073974609375,118.7557144165039,56.23920822143555,265.1661071777344,19.53362464904785,131.70518493652344,393.9502868652344,98.71497344970703,83.93045806884766,32.8527717590332,84.8501205444336
2022-06-03,142.39622497558594,88.52630615234375,122.3499984741211,113.4613265991211,156.42352294921875,117.10033416748047,55.56854248046875,260.762451171875,18.664226531982422,130.52423095703125,387.4849548339844,98.50273895263672,82.80970764160156,32.6944580078125,86.0837173461914
2022-06-06,143.140625,87.98390197753906,124.79000091552734,115.71935272216797,156.40576171875,116.71345520019531,55.48029708862305,259.5359191894531,18.730024337768555,130.01426696777344,388.6647644042969,96.68598175048828,82.54846954345703,32.83958053588867,85.8665542602539
2022-06-07,145.65789794921875,88.31970977783203,123.0,116.04524230957031,158.12588500976562,117.01935577392578,55.81563186645508,263.1573791503906,18.86961555480957,131.46360778808594,392.3929138183594,97.730224609375,83.68607330322266,33.03745651245117,89.80196380615234
2022-06-08,144.9232940673828,87.95807647705078,121.18000030517578,116.0893325805664,157.18605041503906,115.15703582763672,55.49794387817383,261.1391296386719,18.59636878967285,129.82638549804688,388.1268005371094,96.86428833007812,81.7563705444336,32.391048431396484,90.86183166503906
2022-06-09,139.71249389648438,87.86336517333984,116.1500015258789,113.7530517578125,154.02069091796875,112.7369384765625,54.53606033325195,255.71177673339844,17.998035430908203,127.48234558105469,378.89605712890625,97.1868667602539,79.81819915771484,31.612714767456055,88.8984603881836
2022-06-10,134.3155517578125,87.18316650390625,109.6500015258789,110.11369323730469,152.99215698242188,107.55488586425781,54.19190216064453,244.3162841796875,16.927003860473633,126.99920654296875,367.90966796875,96.5841293334961,78.048583984375,31.370853424072266,87.27391052246094
2022-06-13,129.17332458496094,85.75393676757812,103.66999816894531,105.3896484375,151.44940185546875,104.35208129882812,54.130130767822266,233.95416259765625,15.603679656982422,123.59944152832031,353.9407958984375,93.55343627929688,74.14700317382812,29.92852020263672,83.2690200805664
2022-06-14,130.0352325439453,85.24597930908203,102.30999755859375,105.70958709716797,149.12637329101562,102.61572265625,52.64576721191406,236.1077117919922,15.792159080505371,119.74339294433594,352.874267578125,92.37336730957031,73.5823974609375,29.17217254638672,83.48619842529297
2022-06-15,132.65048217773438,86.19305419921875,107.66999816894531,108.72986602783203,150.7223358154297,103.83026885986328,53.036861419677734,243.12847900390625,16.481243133544922,118.553466796875,357.9049987792969,94.09672546386719,75.32673645019531,29.36125373840332,82.4350357055664
2022-06-16,127.39064025878906,86.39969635009766,103.66000366210938,105.03401947021484,150.8021240234375,102.04894256591797,52.50355529785156,236.5712432861328,15.557807922363281,119.27818298339844,346.0597229003906,94.84379577636719,73.34644317626953,28.79400062561035,79.39442443847656
2022-06-17,128.85987854003906,86.3910903930664,106.22000122070312,106.13356018066406,150.2523956298828,101.6890640258789,52.82353973388672,239.15936279296875,15.83603572845459,118.41926574707031,346.8057556152344,95.1494140625,73.90263366699219,28.525760650634766,74.81614685058594
2022-06-21,133.0814208984375,86.04666900634766,108.68000030517578,110.49258422851562,153.40003967285156,104.2081298828125,53.95235824584961,245.04058837890625,16.52013397216797,122.00690460205078,355.5361022949219,93.53645324707031,74.9306869506836,29.068748474121094,79.47258758544922
2022-06-22,132.57212829589844,86.77851867675781,108.94999694824219,110.4366226196289,155.8206024169922,103.62334442138672,54.352333068847656,244.45147705078125,16.314706802368164,123.91255187988281,354.89154052734375,96.10872650146484,75.8829116821289,29.374591827392578,76.3277587890625
2022-06-23,135.43215942382812,87.14013671875,112.44000244140625,111.18400573730469,159.2962646484375,102.48977661132812,55.001182556152344,249.9849853515625,16.180078506469727,127.31234741210938,358.37042236328125,96.89823913574219,77.32460021972656,30.06607437133789,74.02557373046875
2022-06-24,138.7526092529297,87.00238800048828,116.45999908447266,116.86296081542969,161.62818908691406,105.54862976074219,56.0322380065918,258.52197265625,17.078584671020508,129.14642333984375,369.76434326171875,95.55691528320312,78.96979522705078,30.589113235473633,75.49378204345703
2022-06-27,138.7526092529297,86.61493682861328,113.22000122070312,114.74166870117188,161.47744750976562,104.70292663574219,55.91668701171875,255.80833435058594,16.822296142578125,128.16226196289062,368.3520202636719,94.7419204711914,78.85105895996094,30.837343215942383,77.34420013427734
2022-06-28,134.6191864013672,86.64936065673828,107.4000015258789,110.95171356201172,156.88455200195312,104.19913482666016,55.35671615600586,247.6866455078125,15.937752723693848,126.07770538330078,360.8255615234375,95.1833724975586,77.89278411865234,30.722091674804688,79.48998260498047
2022-06-29,136.37245178222656,87.14875030517578,108.91999816894531,110.64859771728516,156.92892456054688,103.73130798339844,55.75669860839844,251.3370819091797,15.498970985412598,127.22286987304688,360.53167724609375,96.6690444946289,77.4094009399414,30.7442626953125,76.55363464355469
2022-06-30,133.91397094726562,87.54480743408203,106.20999908447266,107.9359130859375,157.3899383544922,101.31120300292969,55.91668701171875,248.0246124267578,15.117030143737793,128.64540100097656,357.6025085449219,97.51793670654297,77.2652359008789,31.085559844970703,74.3991470336914
2022-07-01,136.07864379882812,88.27449798583984,109.55999755859375,107.7125473022461,159.17213439941406,102.60672760009766,57.22327423095703,250.6803741455078,14.48279094696045,130.72105407714844,361.38470458984375,98.51914978027344,78.65602111816406,31.847963333129883,76.05844116210938
2022-07-05,138.65463256835938,88.43840789794922,113.5,112.19538116455078,157.94854736328125,102.21644592285156,56.24555969238281,253.8382110595703,14.92257308959961,129.45956420898438,362.0672607421875,99.29322814941406,78.4355239868164,30.761985778808594,73.67809295654297
2022-07-06,139.98675537109375,87.8432388305664,114.33000183105469,113.4920425415039,158.09042358398438,101.55389404296875,56.36111068725586,257.0830383300781,15.08811092376709,130.66737365722656,363.29010009765625,97.6259765625,78.29136657714844,31.081132888793945,72.34891510009766
2022-07-07,143.34632873535156,87.64486694335938,116.33000183105469,117.66333770751953,158.2677459716797,104.12244415283203,55.91668701171875,259.19793701171875,15.814096450805664,130.62265014648438,368.7311096191406,96.76686096191406,78.50335693359375,31.050106048583984,74.65975189208984
2022-07-08,144.0221710205078,87.31709289550781,115.54000091552734,118.22847747802734,158.0726776123047,103.79571533203125,56.121124267578125,258.48333740234375,15.79415225982666,129.745849609375,368.4277648925781,95.69505310058594,78.08782958984375,30.948150634765625,74.7813720703125
2022-07-11,141.8966827392578,87.72248840332031,111.75,114.58613586425781,158.13478088378906,102.43427276611328,55.9433479309082,255.44131469726562,15.110050201416016,130.65841674804688,364.21905517578125,97.34528350830078,77.918212890625,31.1431827545166,74.3991470336914
2022-07-12,142.8664093017578,87.8432388305664,109.22000122070312,112.94575500488281,155.91810607910156,102.53411865234375,55.703365325927734,244.97299194335938,15.040246963500977,129.50424194335938,360.99609375,97.92372131347656,77.61292266845703,30.99248504638672,73.40876007080078
2022-07-13,142.50399780273438,88.1623764038086,110.4000015258789,110.30387115478516,155.55459594726562,101.57205200195312,55.44560241699219,244.05552673339844,15.122017860412598,130.354248046875,359.1002197265625,99.04653930664062,77.23979187011719,30.863933563232422,73.70413208007812
2022-07-14,145.42282104492188,87.85186767578125,110.62999725341797,109.3271713256836,155.7673797607422,98.02323150634766,55.26783752441406,245.36891174316406,15.32944107055664,129.96954345703125,358.2281799316406,98.23843383789062,76.54436492919922,30.863933563232422,72.22728729248047
2022-07-15,147.08792114257812,88.19690704345703,113.55000305175781,110.723876953125,158.02833557128906,102.51595306396484,55.55227279663086,247.91844177246094,15.71835994720459,129.7905731201172,365.07220458984375,98.7913589477539,77.84188842773438,30.92156982421875,73.44352722167969
2022-07-18,144.05154418945312,87.91222381591797,113.76000213623047,108.00228118896484,154.48170471191406,101.46312713623047,54.796756744384766,245.53309631347656,16.056421279907227,128.21597290039062,362.0577697753906,97.7620849609375,77.29066467285156,30.491601943969727,74.79878234863281
2022-07-19,147.90089416503906,87.79146575927734,118.20999908447266,112.73722076416016,152.22964477539062,103.97724914550781,55.57893753051758,250.63211059570312,16.94495391845703,128.86907958984375,371.8402404785156,97.23470306396484,79.29204559326172,30.686635971069336,76.68395233154297
2022-07-20,149.89903259277344,87.73111724853516,122.7699966430664,112.8263931274414,151.36073303222656,103.95907592773438,54.663429260253906,253.2781219482422,17.75769805908203,126.64136505126953,374.2100524902344,97.48988342285156,79.10546875,30.27883529663086,77.52662658691406
2022-07-21,152.16159057617188,88.46428680419922,124.62999725341797,113.26224517822266,151.8927001953125,104.66703033447266,54.53899002075195,255.76002502441406,18.000028610229492,126.76110076904297,378.0207824707031,99.17411041259766,79.73302459716797,30.35862159729004,76.23218536376953
2022-07-22,150.92747497558594,89.15433502197266,122.41999816894531,106.88294219970703,152.6109161376953,104.15877532958984,54.74342727661133,251.43357849121094,17.27105140686035,128.78720092773438,374.513427734375,100.84134674072266,80.1485595703125,30.775287628173828,75.65013122558594
2022-07-25,149.8108673095703,88.82659912109375,121.13999938964844,106.49659729003906,152.91236877441406,104.57627868652344,55.27671813964844,249.9560546875,16.976865768432617,129.66065979003906,374.9683837890625,99.85460662841797,80.28426361083984,31.160921096801758,78.16949462890625
2022-07-26,148.48861694335938,88.80929565429688,114.80999755859375,104.03009033203125,153.99407958984375,102.94255065917969,56.183345794677734,243.26365661621094,16.487228393554688,129.9127960205078,370.5321960449219,99.93118286132812,80.36905670166016,31.347082138061523,77.86544036865234
2022-07-27,153.57203674316406,89.11981201171875,120.97000122070312,111.99429321289062,153.56851196289062,104.59442138671875,56.00556945800781,259.52630615234375,17.740747451782227,131.14645385742188,380.1535339355469,99.36978912353516,80.8524398803711,31.37367820739746,79.55078125
2022-07-28,154.12060546875,89.75811004638672,122.27999877929688,113.14337921142578,154.4551544189453,104.20413970947266,56.938846588134766,266.933349609375,17.934207916259766,133.3256072998047,384.9216613769531,100.16084289550781,83.472900390625,32.499542236328125,80.48033905029297
2022-07-29,159.17466735839844,89.7667465209961,134.9499969482422,115.22356414794922,154.73886108398438,104.70333862304688,57.03662109375,271.1148376464844,18.112716674804688,125.08623504638672,390.5332336425781,99.88865661621094,83.92234802246094,32.7787971496582,84.20724487304688
2022-08-01,158.19520568847656,90.07786560058594,135.38999938964844,113.77731323242188,154.19798278808594,103.65956115722656,57.34770965576172,268.478515625,18.38994598388672,128.6791229248047,389.3768005371094,102.29430389404297,83.24392700195312,32.81425476074219,82.0788345336914
2022-08-02,156.72596740722656,89.15313720703125,134.16000366210938,114.04479217529297,153.32022094726562,102.04399871826172,56.56553268432617,265.3978576660156,18.474708557128906,127.82366180419922,386.8079528808594,100.12979888916016,82.1753921508789,32.747764587402344,81.72264099121094
2022-08-03,162.72039794921875,89.55071258544922,139.52000427246094,116.96697998046875,154.80096435546875,103.11500549316406,56.81440353393555,272.78558349609375,18.84069061279297,130.4621124267578,392.865234375,101.70632934570312,82.43829345703125,32.9516716003418,79.0729751586914
2022-08-04,162.4069366455078,89.7667465209961,142.57000732421875,117.07594299316406,152.3182830810547,101.98046112060547,56.592201232910156,273.9250793457031,19.161802291870117,130.25497436523438,392.5997619628906,101.67223358154297,82.31106567382812,33.02259826660156,75.74568176269531
2022-08-05,162.18133544921875,88.7642822265625,140.8000030517578,116.36273193359375,151.71536254882812,105.06639099121094,56.334434509277344,273.2104187011719,18.936429977416992,130.3179931640625,391.9361877441406,99.2520751953125,82.54005432128906,32.902923583984375,76.84031677246094
2022-08-08,161.7105712890625,89.1704330444336,139.41000366210938,116.1943359375,150.9085235595703,103.78662109375,55.97002410888672,270.7093200683594,17.743738174438477,130.8132781982422,391.481201171875,100.8541259765625,83.27784729003906,32.9516716003418,77.27467346191406
2022-08-09,161.75958251953125,88.97166442871094,137.8300018310547,115.53064727783203,150.89076232910156,104.72148132324219,56.04111862182617,272.62139892578125,17.038694381713867,130.50711059570312,389.9266357421875,100.46216583251953,83.73579406738281,33.31956481933594,78.69941711425781
2022-08-10,165.996826171875,89.19635772705078,142.69000244140625,118.57170104980469,151.32525634765625,107.45341491699219,56.574424743652344,279.2461853027344,18.046897888183594,131.7407989501953,398.1166076660156,99.80596923828125,85.00785827636719,33.465850830078125,79.44654846191406
2022-08-11,165.2611846923828,88.72103118896484,140.63999938964844,117.71981048583984,148.19537353515625,109.0417709350586,56.192230224609375,277.1795959472656,17.892330169677734,130.8042449951172,398.1166076660156,97.47957611083984,84.80432891845703,33.46141815185547,81.74476623535156
2022-08-12,168.802001953125,89.11859130859375,143.5500030517578,120.5330581665039,146.5638885498047,110.84793090820312,56.61886978149414,281.90191650390625,18.657203674316406,132.07394409179688,404.8563232421875,98.46806335449219,86.2629623413086,34.006622314453125,82.45528411865234
2022-08-15,169.87110900878906,89.2309341430664,143.17999267578125,120.92927551269531,147.26434326171875,111.14744567871094,57.32993698120117,283.4084167480469,18.979310989379883,133.77587890625,406.52459716796875,98.38284301757812,86.61065673828125,34.290306091308594,80.98161315917969
2022-08-16,169.7141571044922,89.1012954711914,144.77999877929688,120.55284881591797,148.57662963867188,112.20935821533203,57.801021575927734,282.674560546875,18.826732635498047,135.00949096679688,407.3209228515625,98.79190826416016,86.38168334960938,34.38783264160156,80.22724914550781
2022-08-17,171.2050323486328,88.57411193847656,142.10000610351562,118.42312622070312,148.5854949951172,111.26544189453125,57.66769027709961,281.9293518066406,18.284236907958984,134.38821411132812,404.4297180175781,97.76079559326172,85.86438751220703,34.3302001953125,80.87635040283203
2022-08-18,170.81271362304688,88.7642822265625,142.3000030517578,119.03726959228516,147.86732482910156,110.4031982421875,57.96990203857422,280.81634521484375,18.72102928161621,134.86544799804688,405.6051330566406,97.90567016601562,85.29619598388672,34.458744049072266,82.7885971069336
2022-08-19,168.23312377929688,88.14200592041016,138.22999572753906,116.10517120361328,150.11941528320312,107.67125701904297,57.92545700073242,276.92596435546875,17.799583435058594,134.82945251464844,400.1546630859375,96.32917022705078,84.39727020263672,34.44101333618164,82.52546691894531
2022-08-22,164.3588104248047,87.76177978515625,133.22000122070312,113.16317749023438,149.5927734375,105.8923110961914,57.06328582763672,268.7967224121094,16.986839294433594,134.46920776367188,391.82244873046875,96.00533294677734,82.55701446533203,33.971168518066406,82.46406555175781
2022-08-23,164.02532958984375,87.72721862792969,133.6199951171875,112.7867660522461,148.28955078125,104.84855651855469,57.1254997253418,267.5290222167969,17.133432388305664,131.87583923339844,390.8744812011719,95.47697448730469,81.49695587158203,33.767269134521484,85.96400451660156
2022-08-24,164.31959533691406,87.49382781982422,133.8000030517578,112.61834716796875,147.7986297607422,105.1026840209961,57.20549774169922,266.8999328613281,17.174318313598633,131.3085479736328,392.1258239746094,94.77818298339844,81.96338653564453,33.8736457824707,86.47279357910156
2022-08-25,166.7716827392578,87.97783660888672,137.27999877929688,115.55046844482422,149.1821746826172,107.59866333007812,57.48103713989258,269.86126708984375,17.863405227661133,131.20050048828125,397.6615905761719,96.09902954101562,83.1845703125,34.081974029541016,86.92015075683594
2022-08-26,160.48451232910156,87.81359100341797,130.75,109.29993438720703,146.62933349609375,104.0770492553711,56.09445571899414,259.4480895996094,16.21497917175293,128.12982177734375,384.2012023925781,96.82340240478516,81.08991241455078,33.55894088745117,85.84999084472656
2022-08-29,158.28741455078125,87.39013671875,129.7899932861328,108.38860321044922,145.49566650390625,103.82294464111328,55.75669860839844,256.6803283691406,15.757253646850586,127.58954620361328,381.6607360839844,96.02238464355469,80.36058807373047,33.66088104248047,87.82365417480469
2022-08-30,155.86477661132812,87.50248718261719,128.72999572753906,107.91313171386719,144.98687744140625,103.8410873413086,55.24116897583008,254.4932403564453,15.425177574157715,126.22982025146484,377.470947265625,96.26095581054688,79.24964141845703,33.16887283325195,84.48158264160156
2022-08-31,154.2071533203125,87.03577423095703,126.7699966430664,107.19992065429688,144.0139617919922,103.22390747070312,54.85007858276367,253.04151916503906,15.052209854125977,124.21273040771484,374.5986633300781,95.34062957763672,78.87651062011719,32.9516716003418,83.84999084472656
2022-09-01,154.93299865722656,86.65823364257812,127.81999969482422,108.7055892944336,147.58436584472656,103.9318618774414,55.107845306396484,252.00599670410156,13.898415565490723,125.74356079101562,375.7741394042969,93.5951156616211,79.02069091796875,33.42595672607422,82.34124755859375
2022-09-02,152.8241424560547,86.90938568115234,127.51000213623047,106.83340454101562,145.26361083984375,103.20575714111328,54.352333068847656,247.80592346191406,13.609216690063477,123.51032257080078,371.8118591308594,94.12458801269531,77.918212890625,33.06692123413086,83.84999084472656
2022-09-06,151.56866455078125,86.0953369140625,126.11000061035156,105.80320739746094,145.65634155273438,103.23299407958984,54.37900161743164,245.0865020751953,13.427720069885254,122.13262176513672,370.4089050292969,91.79322814941406,78.62210083007812,33.15113830566406,83.2885971069336
2022-09-07,152.9713134765625,86.69287109375,129.47999572753906,108.41832733154297,146.45079040527344,105.19345092773438,55.38338851928711,249.77047729492188,13.680093765258789,123.97858428955078,377.06329345703125,93.2449951171875,80.15705108642578,34.18836212158203,82.57808685302734
2022-09-08,151.50001525878906,86.415771484375,129.82000732421875,107.3583984375,147.6290283203125,107.64405059814453,55.214500427246094,250.18661499023438,13.955412864685059,124.14070129394531,379.52789306640625,92.28854370117188,80.37753295898438,34.16175842285156,83.2535400390625
2022-09-09,154.35423278808594,86.4071273803711,133.27000427246094,109.60701751708984,147.9146270751953,108.16136932373047,55.39227294921875,255.93511962890625,14.351431846618652,126.03173065185547,385.4240417480469,92.49347686767578,81.25102233886719,34.29916763305664,84.64824676513672
2022-09-12,160.2981414794922,86.27723693847656,136.4499969482422,109.81502532958984,147.85218811035156,109.44111633300781,55.55227279663086,258.0545349121094,14.469138145446777,127.05827331542969,389.5663757324219,91.73345184326172,82.03970336914062,34.62718200683594,85.6219253540039
2022-09-13,150.8919219970703,85.79226684570312,126.81999969482422,103.3366928100586,144.00502014160156,105.63817596435547,53.747928619384766,243.86712646484375,13.098536491394043,124.42881774902344,372.62713623046875,91.94694519042969,78.90193939208984,33.70520782470703,83.6219482421875
2022-09-14,152.33375549316406,85.90486907958984,128.5500030517578,104.01026153564453,146.9774169921875,105.39312744140625,54.03235626220703,244.08966064453125,13.095545768737793,124.72599792480469,374.0489501953125,92.2629165649414,78.00302124023438,33.98003387451172,85.67455291748047
2022-09-15,149.45008850097656,85.64505767822266,126.27999877929688,101.93997192382812,147.35231018066406,106.9814682006836,53.298194885253906,237.4701690673828,12.8970365524292,123.76248931884766,369.80218505859375,92.20313262939453,76.56133270263672,33.13340759277344,83.183349609375
2022-09-16,147.8120574951172,85.5844497680664,123.52999877929688,101.83101654052734,149.6017303466797,106.26444244384766,53.30714797973633,236.85081481933594,13.165371894836426,124.51891326904297,366.9810485839844,91.43457794189453,76.56983947753906,33.00929260253906,81.76231384277344
2022-09-19,151.51966857910156,85.45454406738281,124.66000366210938,102.09845733642578,148.42343139648438,107.24468231201172,53.710044860839844,236.6378936767578,13.348916053771973,124.25774383544922,369.8270568847656,91.64806365966797,76.45958709716797,33.4515380859375,81.75353240966797
2022-09-20,153.89328002929688,85.0735092163086,122.19000244140625,100.1866455078125,147.25416564941406,105.12991333007812,53.62947082519531,234.63461303710938,13.143424034118652,123.81652069091797,365.58197021484375,90.73431396484375,74.60236358642578,32.965118408203125,81.08686828613281
2022-09-21,150.7742462158203,85.34194946289062,118.54000091552734,98.34419250488281,145.74559020996094,102.09842681884766,53.18180465698242,231.24745178222656,13.228214263916016,122.22267150878906,359.2048034667969,92.25439453125,73.42359924316406,32.51439666748047,79.77987670898438
2022-09-22,149.81301879882812,84.43267822265625,117.30999755859375,99.19608306884766,148.3341827392578,100.93670654296875,53.05645751953125,233.21200561523438,12.529947280883789,122.6548843383789,356.18756103515625,89.89742279052734,72.49073791503906,32.39836502075195,79.4465560913086
2022-09-23,147.54725646972656,84.17289733886719,113.77999877929688,97.80926513671875,148.81619262695312,99.05790710449219,52.465553283691406,230.2506561279297,12.48505973815918,122.08759307861328,350.21966552734375,90.26461029052734,71.52721405029297,32.02351379394531,75.2185287475586
2022-09-26,147.8807373046875,83.09040832519531,115.1500015258789,97.24465942382812,147.90574645996094,96.92501831054688,51.81196594238281,229.79579162597656,12.197768211364746,122.20465087890625,346.75506591796875,88.53961944580078,69.52129364013672,31.25147819519043,73.66590881347656
2022-09-27,148.8517608642578,82.73536682128906,114.41000366210938,96.58097839355469,147.2273712158203,96.07184600830078,50.47795104980469,228.78932189941406,12.38231086730957,118.84584045410156,345.8698425292969,86.208251953125,68.59548950195312,30.724897384643555,75.20973205566406
2022-09-28,146.96856689453125,84.0689697265625,118.01000213623047,99.10693359375,148.494873046875,98.01416015625,51.015140533447266,233.29916381835938,12.70451545715332,118.84584045410156,352.6753845214844,89.09468841552734,70.01849365234375,31.055118560791016,77.94656372070312
2022-09-29,139.74960327148438,83.62732696533203,114.80000305175781,96.50171661376953,146.8613739013672,96.35319519042969,50.6480598449707,229.8441619873047,12.189789772033691,115.89225006103516,345.3083190917969,88.63356018066406,67.96114349365234,29.81007194519043,77.78866577148438
2022-09-30,135.55162048339844,83.42814636230469,113.0,94.74839782714844,145.81703186035156,94.8465576171875,50.1556282043457,225.39248657226562,12.108990669250488,113.68606567382812,339.9686279296875,87.48925018310547,68.72406768798828,29.23439598083496,76.5869140625
2022-10-03,139.7201690673828,84.10594940185547,115.87999725341797,97.71021270751953,145.67416381835938,97.77818298339844,50.719688415527344,232.979736328125,12.481066703796387,115.72117614746094,348.9442443847656,88.87940216064453,69.94990539550781,30.091209411621094,80.6307373046875
2022-10-04,143.3002166748047,84.33162689208984,121.08999633789062,100.68193817138672,147.8343048095703,102.35257720947266,50.83607482910156,240.8573760986328,13.13444709777832,117.1529312133789,359.7568359375,88.63114166259766,71.36434173583984,30.72935676574707,83.56929779052734
2022-10-05,143.59451293945312,83.88899993896484,120.94999694824219,100.47393798828125,147.37904357910156,101.0888671875,50.35260772705078,241.1670379638672,13.176344871520996,116.34249114990234,358.919189453125,87.78367614746094,69.96704864501953,30.04658317565918,86.94647216796875
2022-10-06,142.64306640625,83.5592041015625,120.30000305175781,100.4640121459961,144.52273559570312,99.0284423828125,49.26926803588867,238.834716796875,13.097540855407715,113.89318084716797,355.2167053222656,87.29576873779297,68.0211410522461,29.05588722229004,89.525390625
2022-10-07,137.40541076660156,83.11658477783203,114.55999755859375,97.74983215332031,142.99635314941406,97.05044555664062,48.803707122802734,226.68931579589844,12.04614543914795,111.90311431884766,345.3083190917969,86.44831085205078,66.38384246826172,28.453445434570312,88.62188720703125
2022-10-10,137.7290802001953,82.74341583251953,113.66999816894531,96.93757629394531,143.18377685546875,96.14384460449219,48.69626235961914,221.86013793945312,11.641146659851074,111.4438705444336,342.6717529296875,85.1043701171875,65.758056640625,28.50252914428711,86.70083618164062
2022-10-11,136.31668090820312,82.79547119140625,112.20999908447266,96.26398468017578,145.25466918945312,93.36914825439453,48.77685546875,218.1439208984375,11.557356834411621,111.86709594726562,340.5015869140625,85.4810562133789,66.42670440673828,28.39989471435547,85.96400451660156
2022-10-12,135.68896484375,82.86489868164062,112.9000015258789,96.6404037475586,145.21896362304688,94.88013458251953,49.36775588989258,218.47296142578125,11.471569061279297,112.04720306396484,339.3784484863281,85.90047454833984,65.73234558105469,27.453824996948242,86.3412094116211
2022-10-13,140.24986267089844,82.60455322265625,112.52999877929688,98.12626647949219,147.41476440429688,100.1548080444336,50.02133560180664,226.68931579589844,11.930431365966797,113.7401123046875,348.3351135253906,85.07868957519531,66.93244934082031,28.14106559753418,89.35872650146484
2022-10-14,135.72817993164062,82.15322875976562,106.9000015258789,95.64982604980469,146.79888916015625,101.82146453857422,49.22450256347656,221.19239807128906,11.19924545288086,112.63251495361328,340.3969421386719,84.37677764892578,65.26944732666016,27.734966278076172,87.00785827636719
2022-10-17,139.68096923828125,82.32682037353516,113.79000091552734,99.02767944335938,148.70013427734375,106.09797668457031,49.86017608642578,229.8732147216797,11.858609199523926,114.66761016845703,349.1441650390625,83.96588897705078,67.72967529296875,28.31510353088379,88.26224517822266
2022-10-18,140.99530029296875,82.46569061279297,116.36000061035156,99.82014465332031,148.18240356445312,108.82686614990234,50.53165817260742,230.81198120117188,11.937416076660156,115.5950927734375,353.2463684082031,84.16277313232422,68.46690368652344,28.832761764526367,88.4201431274414
2022-10-19,141.10317993164062,81.75403594970703,115.06999969482422,98.69088745117188,147.00418090820312,106.6932144165039,50.10191345214844,228.85707092285156,12.021206855773926,116.66667175292969,350.7431640625,82.63052368164062,66.76101684570312,28.457904815673828,91.04290771484375
2022-10-20,140.64218139648438,81.2593002319336,115.25,99.02767944335938,147.37904357910156,106.34523010253906,49.31404113769531,228.53770446777344,12.16385269165039,115.16397094726562,347.80206298828125,81.21810913085938,66.46956634521484,27.739429473876953,91.16571807861328
2022-10-21,144.4478302001953,81.3808364868164,119.31999969482422,100.17675018310547,150.592529296875,111.93125915527344,50.10191345214844,234.31524658203125,12.435179710388184,116.60590362548828,356.254150390625,79.75431823730469,66.99246978759766,28.25262451171875,92.85868072509766
2022-10-24,146.5860137939453,81.26801300048828,119.81999969482422,101.55363464355469,152.6187286376953,112.0686264038086,51.54337692260742,239.27989196777344,12.567852020263672,117.32234191894531,360.6134948730469,79.09519958496094,66.9839096069336,28.489139556884766,93.5078125
2022-10-25,149.42066955566406,82.0664291381836,120.5999984741211,103.49516296386719,152.37771606445312,112.36166381835938,52.77891540527344,242.57998657226562,13.228214263916016,118.67359924316406,366.37188720703125,81.39785766601562,69.6156005859375,29.060354232788086,92.876220703125
2022-10-26,146.48793029785156,82.43095397949219,115.66000366210938,94.03518676757812,153.71661376953125,113.65287017822266,53.172855377197266,223.8634033203125,12.864118576049805,119.50790405273438,363.6116638183594,82.57060241699219,69.5727310180664,29.046964645385742,93.98147583007812
2022-10-27,142.025146484375,82.84754943847656,110.95999908447266,91.35073852539062,153.80589294433594,114.10157775878906,53.298194885253906,219.4407196044922,13.143424034118652,119.59860229492188,361.6700134277344,83.43515014648438,69.67560577392578,29.279016494750977,94.34111022949219
2022-10-28,152.7554931640625,82.6392593383789,103.41000366210938,95.38237762451172,156.09095764160156,115.45686340332031,54.39943313598633,228.2667236328125,13.799798011779785,122.62757110595703,370.27435302734375,82.86165618896484,71.21004486083984,30.082286834716797,97.1042709350586
2022-10-31,150.40147399902344,82.36153411865234,102.44000244140625,93.61917114257812,155.28761291503906,115.27372741699219,53.584693908691406,224.64730834960938,13.463631629943848,122.12876892089844,367.5997619628906,82.27099609375,71.13289642333984,29.8011474609375,97.20073699951172
2022-11-01,147.76304626464844,82.51463317871094,96.79000091552734,89.61723327636719,154.5021209716797,117.35244750976562,53.39667892456055,220.81495666503906,13.509519577026367,122.3192367553711,365.99114990234375,83.03987121582031,71.10716247558594,29.917171478271484,98.16565704345703
2022-11-02,142.25071716308594,82.37544250488281,92.12000274658203,86.15021514892578,152.12777709960938,116.27189636230469,52.65357208251953,213.00509643554688,13.186319351196289,120.55988311767578,356.8061828613281,82.67945098876953,69.1526870727539,29.627099990844727,96.14813232421875
2022-11-03,136.21861267089844,82.07098388671875,89.30000305175781,82.64359283447266,152.3866424560547,116.48250579833984,52.626705169677734,207.34365844726562,13.387821197509766,119.73462677001953,353.1322326660156,82.23321533203125,69.05839538574219,29.756515502929688,97.45512390136719
2022-11-04,135.95330810546875,82.06230926513672,90.9800033569336,85.76390075683594,153.0650177001953,119.66927337646484,53.05645751953125,214.2534942626953,14.121002197265625,121.92021179199219,358.21490478515625,80.85167694091797,70.00135040283203,29.939483642578125,98.51651000976562
2022-11-07,136.48385620117188,81.80134582519531,90.52999877929688,87.65589141845703,154.4039306640625,120.3011474609375,53.26238250732422,220.52459716796875,14.265643119812012,123.78837585449219,361.64141845703125,80.0450439453125,70.00135040283203,29.368270874023438,99.68317413330078
2022-11-08,137.0537109375,82.14929962158203,89.9800033569336,88.06204223632812,155.17160034179688,120.37439727783203,53.360870361328125,221.49240112304688,14.565900802612305,124.06945037841797,363.5926208496094,80.9203109741211,70.21566009521484,29.573549270629883,99.99895477294922
2022-11-09,132.50491333007812,82.24496459960938,86.13999938964844,86.4969253540039,153.93084716796875,118.80850219726562,52.61775588989258,217.27291870117188,13.741943359375,123.77022552490234,356.1018981933594,81.18632507324219,69.49557495117188,29.34149169921875,95.52532196044922
2022-11-10,144.29441833496094,84.01074981689453,96.62999725341797,93.05451965332031,155.73394775390625,123.69856262207031,54.506874084472656,235.1475372314453,15.71106243133545,128.03250122070312,375.671142578125,84.30986785888672,74.5789566040039,30.724897384643555,96.9288101196289
2022-11-11,147.07481384277344,83.94988250732422,100.79000091552734,95.5012435913086,151.07449340820312,123.90000915527344,54.90080642700195,239.14442443847656,16.28663444519043,127.84208679199219,379.30712890625,84.00096130371094,74.57038116455078,30.381275177001953,99.95510864257812
2022-11-14,145.67971801757812,83.71504211425781,98.48999786376953,94.79793548583984,153.44888305664062,122.6271743774414,54.37257385253906,233.76365661621094,16.25471305847168,127.85115051269531,376.0804138183594,83.79500579833984,72.75305938720703,30.019807815551758,100.24691009521484
2022-11-15,147.4088897705078,84.33261108398438,98.94000244140625,97.5121078491211,153.87730407714844,121.7388687133789,54.28303909301758,234.1701202392578,16.624794006347656,127.40678405761719,379.2880554199219,85.15084838867188,73.54168701171875,30.350040435791016,100.91893768310547
2022-11-16,146.1807861328125,84.85454559326172,97.12000274658203,97.9182357788086,154.83242797851562,121.90370178222656,54.1845588684082,234.5971221923828,15.87066650390625,128.54037475585938,376.3945617675781,87.012939453125,72.87306213378906,30.622262954711914,99.84015655517578
2022-11-17,148.07693481445312,84.4979019165039,94.8499984741211,97.43285369873047,156.08204650878906,121.37254333496094,54.35466766357422,234.54856872558594,15.638243675231934,127.75141906738281,375.2428894042969,86.09474182128906,72.3758773803711,30.08675193786621,99.97279357910156
2022-11-18,148.636962890625,84.3761215209961,94.13999938964844,96.51162719726562,157.27813720703125,122.56303405761719,54.73965072631836,234.10214233398438,15.370904922485352,129.29307556152344,376.94659423828125,85.50265502929688,73.2931137084961,30.724897384643555,99.10621643066406
2022-11-21,145.41445922851562,84.32393646240234,92.45999908447266,94.6988754272461,158.08668518066406,121.83959197998047,55.58125686645508,234.9076690673828,15.279132843017578,130.93453979492188,375.5759582519531,85.86306762695312,73.6788558959961,30.863239288330078,98.12471008300781
2022-11-22,147.54638671875,84.75885009765625,93.19999694824219,96.13521575927734,158.8502960205078,123.66190338134766,55.82299041748047,237.7997283935547,15.998348236083984,132.05905151367188,380.6300964355469,87.08158111572266,74.08177185058594,31.12652587890625,100.96315002441406
2022-11-23,148.42080688476562,85.26338195800781,94.12999725341797,97.53191375732422,159.02098083496094,124.9805908203125,56.07368087768555,240.27450561523438,16.47816276550293,132.811767578125,383.0286865234375,88.6004638671875,74.14176940917969,31.474611282348633,100.45912170410156
2022-11-25,145.51272583007812,85.28074645996094,93.41000366210938,96.54133605957031,159.2275848388672,125.21869659423828,56.12738800048828,240.18716430664062,16.229778289794922,133.05662536621094,382.9429626464844,88.30012512207031,74.61323547363281,31.657575607299805,100.10542297363281
2022-11-28,141.69094848632812,85.14160919189453,93.94999694824219,95.14464569091797,159.30845642089844,123.03007507324219,56.1363525390625,234.62623596191406,15.787870407104492,132.94781494140625,376.8323059082031,88.54898071289062,72.61589050292969,31.33180809020996,97.09898376464844
2022-11-29,138.6944122314453,84.83715057373047,92.41999816894531,94.2927474975586,158.19448852539062,125.0538558959961,55.93938064575195,233.2384490966797,15.600334167480469,131.9320831298828,376.1851501464844,87.5106430053711,73.81602478027344,31.099750518798828,97.74449157714844
2022-11-30,145.43409729003906,85.49824523925781,96.54000091552734,100.03807067871094,159.910400390625,126.53734588623047,57.35499572753906,247.61141967773438,16.885480880737305,135.26942443847656,388.0351867675781,88.15424346923828,75.50475311279297,31.87624168395996,98.45188903808594
2022-12-01,145.70921325683594,86.20964813232422,95.5,100.03807067871094,160.57518005371094,124.76081848144531,57.517295837402344,247.17471313476562,17.097009658813477,135.35098266601562,387.7496337890625,90.97039794921875,75.34188842773438,31.849470138549805,97.97439575195312
2022-12-02,145.2179412841797,86.567138671875,94.12999725341797,99.4932632446289,160.70094299316406,123.77183532714844,58.02222442626953,247.4949493408203,16.838586807250977,136.5843505859375,387.30230712890625,92.1144027709961,75.11900329589844,31.697742462158203,97.14320373535156
2022-12-05,144.05865478515625,85.88709259033203,91.01000213623047,98.54229736328125,160.6111297607422,120.3011474609375,57.228763580322266,242.8171844482422,16.57317352294922,135.20594787597656,380.3350830078125,90.82415008544922,73.74744415283203,31.519243240356445,94.48162078857422
2022-12-06,140.40390014648438,86.13994598388672,88.25,96.06587219238281,158.2034454345703,120.50263214111328,57.20170211791992,237.88706970214844,15.951555252075195,135.37818908691406,374.8525390625,91.99401092529297,73.05309295654297,31.715593338012695,91.85539245605469
2022-12-07,138.4684600830078,86.90718078613281,88.45999908447266,94.04508972167969,159.1647186279297,120.42020416259766,57.2918815612793,237.15921020507812,16.084259033203125,136.2488250732422,374.21490478515625,94.16157531738281,73.19881439208984,31.568323135375977,91.65203857421875
2022-12-08,140.14842224121094,86.64558410644531,90.3499984741211,92.82669067382812,159.19168090820312,121.68394470214844,57.53532791137695,240.09979248046875,17.130937576293945,137.22825622558594,377.14642333984375,93.9035415649414,73.7131576538086,31.77360725402832,92.33292388916016
2022-12-09,139.6670379638672,86.13124084472656,89.08999633789062,91.95498657226562,157.8800506591797,121.02458190917969,56.931209564208984,238.17825317382812,16.96331024169922,136.86549377441406,374.3291015625,91.46067810058594,73.57599639892578,31.608491897583008,91.55477142333984
2022-12-12,141.9561767578125,86.14864349365234,90.55000305175781,92.43047332763672,159.76663208007812,122.9018783569336,57.679595947265625,245.05902099609375,17.496124267578125,138.27117919921875,379.7258605957031,91.75313568115234,74.14176940917969,32.33142852783203,93.80960083007812
2022-12-13,142.91903686523438,86.72407531738281,92.48999786376953,94.72859191894531,160.99740600585938,122.78279876708984,57.6976318359375,249.33888244628906,18.031932830810547,138.06256103515625,382.60040283203125,92.63907623291016,75.5133285522461,32.42959976196289,94.83531951904297
2022-12-14,140.69862365722656,86.91587829589844,91.58000183105469,94.17387390136719,161.49151611328125,122.16927337646484,57.6976318359375,249.63002014160156,17.634815216064453,138.60667419433594,380.1541748046875,93.03478240966797,74.99898529052734,32.389442443847656,94.13674926757812
2022-12-15,134.10630798339844,87.04344177246094,88.44999694824219,90.00355529785156,159.4522247314453,119.13817596435547,56.9041633605957,241.66226196289062,16.914413452148438,137.03781127929688,370.85498046875,93.39781188964844,73.99602508544922,31.996734619140625,93.23483276367188
2022-12-16,132.1511993408203,86.81626892089844,87.86000061035156,89.40921020507812,157.81716918945312,118.39640808105469,56.579559326171875,237.4697723388672,16.53426170349121,136.43020629882812,366.47662353515625,92.35449981689453,72.08441925048828,31.45230484008789,92.58049011230469
2022-12-19,130.04873657226562,86.28319549560547,84.91999816894531,87.60636901855469,157.64649963378906,119.10152435302734,56.660709381103516,233.3548583984375,16.21796226501465,136.39390563964844,363.3689880371094,90.80243682861328,71.16717529296875,31.32722282409668,92.9960708618164
2022-12-20,129.97996520996094,85.69774627685547,85.19000244140625,88.18090057373047,157.81716918945312,119.67843627929688,56.61562728881836,234.66506958007812,16.04933738708496,136.4483184814453,363.8662414550781,89.19004821777344,70.98716735839844,31.336225509643555,94.34014129638672
2022-12-21,133.07469177246094,85.93367767333984,86.7699966430664,88.73561096191406,159.62289428710938,121.02458190917969,57.52630615234375,237.21742248535156,16.464414596557617,137.6998291015625,369.30694580078125,89.41426849365234,71.59578704833984,31.772632598876953,95.55154418945312
2022-12-22,129.9111785888672,85.90746307373047,83.79000091552734,86.9327621459961,159.0389404296875,119.65098571777344,57.11154556274414,231.16159057617188,15.30499267578125,138.01719665527344,364.0382995605469,89.39701843261719,71.29499816894531,31.579177856445312,93.6239013671875
2022-12-23,129.54766845703125,85.6103515625,85.25,88.38890838623047,159.44322204589844,120.21875762939453,57.54433822631836,231.68565368652344,15.172287940979004,138.40716552734375,366.13238525390625,88.08641052246094,71.92963409423828,31.903112411499023,96.09979248046875
2022-12-27,127.74977111816406,84.98995971679688,83.04000091552734,86.5662612915039,159.39830017089844,120.63998413085938,57.895992279052734,229.96788024902344,14.089694023132324,139.6133270263672,364.6885681152344,86.34466552734375,71.9035415649414,32.10105895996094,97.43500518798828
2022-12-28,123.82972717285156,84.84138488769531,81.81999969482422,85.20915985107422,158.70655822753906,121.29932403564453,57.31892776489258,227.6095733642578,14.004880905151367,137.80865478515625,360.15631103515625,85.83595275878906,70.6777572631836,31.79512596130371,95.83450317382812
2022-12-29,127.337158203125,85.15594482421875,84.18000030517578,87.61627197265625,159.51510620117188,121.99529266357422,57.66156005859375,233.8983612060547,14.570625305175781,138.3799591064453,366.63916015625,86.81027221679688,72.2251968383789,32.02458953857422,96.5595932006836
2022-12-30,127.6514892578125,84.75401306152344,84.0,87.39835357666016,158.6975555419922,122.80116271972656,57.35499572753906,232.74346923828125,14.581599235534668,137.44586181640625,365.6734619140625,85.8445816040039,71.7035903930664,31.71864891052246,97.53226470947266
2023-01-03,122.87672424316406,85.25206756591797,85.81999969482422,88.27996826171875,160.08106994628906,123.73519897460938,56.759891510009766,232.51058959960938,14.283263206481934,137.4549560546875,364.1340026855469,87.48282623291016,71.77313995361328,31.71864891052246,94.18097686767578
2023-01-04,124.14412689208984,85.72396087646484,85.13999938964844,87.24976348876953,161.82394409179688,124.8890380859375,56.732845306396484,222.33978271484375,14.716300010681152,138.0535125732422,366.9452209472656,88.68133544921875,73.39881896972656,32.006587982177734,94.4551010131836
2023-01-05,122.82760620117188,85.65406799316406,83.12000274658203,85.38746643066406,160.62904357910156,124.86134338378906,56.083641052246094,215.75015258789062,14.233372688293457,136.3395233154297,362.757080078125,89.0521011352539,71.42540740966797,31.3137264251709,96.56843566894531
2023-01-06,127.34695434570312,86.58905792236328,86.08000183105469,86.51673889160156,161.9317169189453,127.2506332397461,57.16564178466797,218.2928466796875,14.826059341430664,139.5861053466797,371.0758361816406,90.69036865234375,73.3466567993164,31.943599700927734,97.73564147949219
2023-01-09,127.86761474609375,86.80754852294922,87.36000061035156,87.19031524658203,157.73629760742188,126.72480010986328,56.45332717895508,220.41822814941406,15.593351364135742,137.8812255859375,370.8655090332031,91.1731948852539,73.37274169921875,32.15955352783203,95.91410827636719
2023-01-10,128.43748474121094,86.47547149658203,89.87000274658203,87.58655548095703,157.3590087890625,127.8594970703125,56.020530700683594,222.09716796875,15.873729705810547,137.7451629638672,373.46630859375,89.66427612304688,73.53788757324219,32.16855239868164,97.34656524658203
2023-01-11,131.14913940429688,87.00849914550781,95.08999633789062,90.65734100341797,157.1074676513672,128.8096923828125,55.91231918334961,228.81295776367188,15.965524673461914,136.62969970703125,378.1898193359375,91.1214599609375,76.17201232910156,32.429508209228516,98.4784164428711
2023-01-12,131.07049560546875,87.63768768310547,95.2699966430664,90.27100372314453,156.31689453125,128.68052673339844,55.19099044799805,231.4720916748047,16.47439193725586,135.85885620117188,379.5667419433594,92.91494750976562,77.13700103759766,32.209049224853516,100.11425018310547
2023-01-13,132.39678955078125,87.31433868408203,98.12000274658203,91.25167846679688,155.8048095703125,131.92776489257812,55.38935089111328,232.17088317871094,16.861536026000977,136.82923889160156,381.03924560546875,92.04403686523438,76.65887451171875,32.09207534790039,100.05236053466797
2023-01-17,133.55613708496094,87.1570816040039,96.05000305175781,90.42949676513672,154.8435821533203,129.88900756835938,55.61478042602539,233.25782775878906,17.662755966186523,136.43020629882812,380.3412780761719,91.44910430908203,76.87620544433594,32.047088623046875,99.85784149169922
2023-01-18,132.8389434814453,88.02217102050781,95.45999908447266,90.2611083984375,152.50779724121094,125.98681640625,53.92866134643555,228.85182189941406,17.338472366333008,132.77548217773438,374.3364562988281,93.66509246826172,75.75473022460938,31.277740478515625,97.80638885498047
2023-01-19,132.89785766601562,87.82117462158203,93.68000030517578,92.17291259765625,152.30116271972656,124.30786895751953,53.84751510620117,225.08627319335938,16.727832794189453,129.9674835205078,371.6113586425781,93.07875061035156,75.33744812011719,30.962799072265625,98.43421173095703
2023-01-20,135.45223999023438,87.462890625,97.25,97.09603881835938,151.5914306640625,124.61227416992188,54.172115325927734,233.1316680908203,17.799449920654297,130.4694366455078,378.5341491699219,91.56985473632812,76.2328872680664,31.14726448059082,100.22921752929688
2023-01-23,138.63546752929688,87.24447631835938,97.5199966430664,98.84938049316406,151.2051544189453,126.63257598876953,54.30735778808594,235.4220428466797,19.15045166015625,128.71728515625,383.0759582519531,91.13872528076172,76.58061981201172,31.156253814697266,99.70750427246094
2023-01-24,140.03054809570312,87.62892150878906,96.31999969482422,96.77906799316406,151.2051544189453,127.72113800048828,54.595890045166016,234.89796447753906,19.222291946411133,129.4199981689453,382.6647644042969,92.44931030273438,76.77188110351562,31.3137264251709,100.6359634399414
2023-01-25,139.37228393554688,87.73381042480469,97.18000030517578,94.32245635986328,152.28317260742188,128.3391876220703,54.938533782958984,233.51016235351562,19.280160903930664,129.3287353515625,382.8082275390625,92.67352294921875,76.806640625,30.89081382751465,100.10542297363281
2023-01-26,141.43551635742188,87.58524322509766,99.22000122070312,96.60077667236328,151.72622680664062,129.1325225830078,54.8303337097168,240.68209838867188,19.75809669494629,128.8085479736328,387.01544189453125,92.2424087524414,77.66729736328125,30.994293212890625,104.12874603271484
2023-01-27,143.3709259033203,87.45418548583984,102.23999786376953,98.43333435058594,151.1332550048828,129.4462127685547,54.54179000854492,240.83740234375,20.319849014282227,128.279296875,387.9046325683594,92.00957489013672,78.5366439819336,30.994293212890625,102.22761535644531
2023-01-30,140.49232482910156,87.21823120117188,100.55000305175781,96.02625274658203,145.5364227294922,128.3484344482422,54.67704391479492,235.54820251464844,19.119516372680664,128.68077087402344,383.0377502441406,91.67330932617188,77.53690338134766,30.854812622070312,100.4149169921875
2023-01-31,141.75970458984375,87.5765151977539,103.12999725341797,97.90834045410156,146.81210327148438,129.11412048339844,55.2901725769043,240.49771118164062,19.493688583374023,129.9310302734375,388.66961669921875,92.40621185302734,79.16256713867188,31.084274291992188,102.5813217163086
2023-02-01,142.87969970703125,88.19406127929688,105.1500015258789,99.48334503173828,148.15966796875,128.7727508544922,55.299198150634766,245.2919158935547,20.896568298339844,130.67019653320312,392.8002624511719,93.51704406738281,79.6494140625,31.138256072998047,101.45832061767578
2023-02-02,148.17520141601562,88.29045867919922,112.91000366210938,106.72444152832031,148.71665954589844,128.17312622070312,54.352447509765625,256.7922668457031,21.660863876342773,129.73939514160156,398.5183410644531,93.63807678222656,81.45763397216797,31.20574951171875,98.28387451171875
2023-02-03,151.79063415527344,87.44073486328125,103.38999938964844,103.7923355102539,147.8811492919922,130.15655517578125,53.94669723510742,250.72671508789062,21.053220748901367,130.14089965820312,394.2825012207031,92.23766326904297,79.92758178710938,30.55338478088379,98.9647445678711
2023-02-06,149.06924438476562,86.95892333984375,102.18000030517578,101.9300765991211,146.75819396972656,130.92222595214844,54.25325012207031,249.19329833984375,21.042247772216797,129.03668212890625,391.8727722167969,91.55471801757812,79.34513092041016,30.814329147338867,98.79673767089844
2023-02-07,151.9380340576172,86.81002044677734,102.11000061035156,106.62538146972656,146.79412841796875,132.5181427001953,54.16310119628906,259.6649169921875,22.123842239379883,127.77738952636719,396.9980163574219,90.8199234008789,79.1712646484375,30.800832748413086,101.61747741699219
2023-02-08,149.2559051513672,86.93265533447266,100.05000305175781,98.43333435058594,146.9827880859375,131.58639526367188,53.84751510620117,258.859375,22.15576934814453,126.45415496826172,392.65692138671875,91.25215911865234,78.79744720458984,30.28343391418457,100.73324584960938
2023-02-09,148.22430419921875,86.59101104736328,98.23999786376953,94.11444854736328,144.9973602294922,129.53846740722656,53.75734329223633,255.84120178222656,22.287477493286133,125.06705474853516,389.2528991699219,90.3876953125,77.9367904663086,29.869518280029297,101.11347198486328
2023-02-10,148.58836364746094,86.21435546875,97.61000061035156,93.6785888671875,145.6711883544922,130.1103973388672,53.75734329223633,255.33657836914062,21.21785545349121,126.17125701904297,390.1613464355469,89.37623596191406,78.20629119873047,30.463396072387695,105.3755111694336
2023-02-13,151.38284301757812,86.47711944580078,99.54000091552734,93.71820831298828,146.21017456054688,131.52183532714844,54.6409797668457,263.3139953613281,21.739694595336914,127.82298278808594,394.7413635253906,90.12835693359375,78.90177154541016,30.647865295410156,104.96563720703125
2023-02-14,150.74325561523438,86.17053985595703,99.69999694824219,93.78753662109375,145.5723419189453,132.10305786132812,53.73029327392578,264.1388854980469,22.920072555541992,127.10205841064453,394.5597229003906,89.92090606689453,78.27583312988281,30.517391204833984,103.7359848022461
2023-02-15,152.83909606933594,86.00408935546875,101.16000366210938,96.02625274658203,143.17369079589844,132.65652465820312,53.73029327392578,262.02764892578125,22.713531494140625,126.81004333496094,395.8410339355469,89.08238220214844,78.58880615234375,30.715347290039062,103.42411804199219
2023-02-16,151.2450714111328,85.64494323730469,98.1500015258789,94.6097183227539,142.15855407714844,130.82994079589844,53.39667892456055,255.0518035888672,21.953222274780273,125.14918518066406,390.3907470703125,87.82025909423828,77.82376861572266,30.481386184692383,103.12117004394531
2023-02-17,150.10369873046875,85.846435546875,97.19999694824219,93.46064758300781,145.1263885498047,131.21742248535156,54.20818328857422,251.0725555419922,21.3405818939209,127.76823425292969,389.4154968261719,88.5031967163086,77.51950073242188,30.80982780456543,99.1559829711914
2023-02-21,146.09893798828125,85.04053497314453,94.58000183105469,90.9248046875,142.96385192871094,128.8096923828125,53.919647216796875,245.8284912109375,20.609207153320312,127.67700958251953,381.6033935546875,86.78291320800781,75.96337127685547,30.23394203186035,99.0579833984375
2023-02-22,146.5220489501953,85.2682876586914,95.79000091552734,90.7861099243164,142.7647705078125,127.82258605957031,54.08194351196289,244.6998748779297,20.70798683166504,128.2154083251953,381.0774841308594,87.57819366455078,75.27659606933594,30.116966247558594,97.7748794555664
2023-02-23,147.00418090820312,85.57485961914062,95.81999969482422,90.03325653076172,142.71951293945312,128.84658813476562,54.18112564086914,247.87161254882812,23.611534118652344,127.80477142333984,383.1047058105469,88.43402862548828,75.84165954589844,29.959495544433594,98.67481994628906
2023-02-24,144.35731506347656,85.08434295654297,93.5,88.28986358642578,141.1269989013672,130.00894165039062,53.955711364746094,242.47189331054688,23.234371185302734,127.08380126953125,379.0122375488281,87.28428649902344,74.51155853271484,29.9685001373291,98.68374633789062
2023-02-27,145.5479278564453,85.25077819824219,93.76000213623047,89.02288818359375,140.81936645507812,131.14361572265625,53.93767547607422,243.38645935058594,23.448896408081055,126.97431945800781,380.30303955078125,87.52633666992188,74.62458801269531,29.766035079956055,98.50553894042969
2023-02-28,145.04615783691406,85.24201202392578,94.2300033569336,89.21109008789062,138.67494201660156,132.2414093017578,53.658164978027344,242.66648864746094,23.164527893066406,125.53245544433594,378.8974609375,87.92399597167969,74.520263671875,29.244140625,97.93526458740234
2023-03-01,142.97975158691406,84.75377655029297,92.16999816894531,89.50825500488281,138.0505828857422,131.50341796875,53.072078704833984,239.60179138183594,22.647682189941406,125.62372589111328,377.4441223144531,86.97940826416016,73.58137512207031,28.762739181518555,98.80850219726562
2023-03-02,143.57015991210938,84.57816314697266,92.12999725341797,91.13280487060547,137.94198608398438,130.1381072998047,53.84751510620117,244.31069946289062,23.262311935424805,127.69522094726562,380.3795166015625,86.20817565917969,74.44202423095703,29.30712890625,99.26292419433594
2023-03-03,148.60801696777344,85.24551391601562,94.9000015258789,92.76725006103516,139.36257934570312,132.52737426757812,53.59504318237305,248.3775634765625,23.837032318115234,128.6260528564453,386.4799499511719,88.29663848876953,75.57218933105469,29.806533813476562,100.51930236816406
2023-03-06,151.36314392089844,85.0347671508789,93.75,94.23331451416016,140.7560272216797,131.75247192382812,54.42457580566406,249.91477966308594,23.501779556274414,128.07852172851562,386.74774169921875,87.61203002929688,75.27659606933594,29.95050048828125,101.41035461425781
2023-03-07,149.16893005371094,84.92062377929688,93.55000305175781,92.97528076171875,139.4259490966797,127.87793731689453,54.10899353027344,247.2683868408203,23.240312576293945,125.53245544433594,380.8193359375,88.14930725097656,73.52051544189453,29.460102081298828,99.4500503540039
2023-03-08,150.41851806640625,84.83281707763672,93.91999816894531,93.3615951538086,138.40345764160156,127.1214828491211,54.136043548583984,246.83059692382812,24.131484985351562,125.55070495605469,381.44085693359375,88.23599243164062,74.3637924194336,29.685056686401367,97.99762725830078
2023-03-09,148.17510986328125,85.14012145996094,92.25,91.44979095458984,136.84716796875,120.23958587646484,53.613067626953125,245.48794555664062,23.38801383972168,124.62901306152344,374.40338134765625,88.45259857177734,72.65986633300781,29.446596145629883,97.24024200439453
2023-03-10,146.11863708496094,86.13238525390625,90.7300033569336,89.77571868896484,137.1819305419922,123.2930908203125,53.38766098022461,241.8589630126953,22.917978286743164,125.1948013305664,369.0009460449219,91.50299835205078,70.25177764892578,28.98319435119629,96.03731536865234
2023-03-13,148.05702209472656,86.81733703613281,92.43000030517578,90.25119018554688,138.49395751953125,121.07908630371094,53.92866134643555,247.04466247558594,22.918975830078125,126.06173706054688,368.47503662109375,91.71097564697266,71.17330169677734,29.428606033325195,94.93241882324219
2023-03-14,150.1430206298828,86.30801391601562,94.87999725341797,93.08424377441406,139.2720947265625,124.18790435791016,54.12703323364258,253.72865295410156,24.013729095458984,127.62223815917969,374.5659484863281,90.20313262939453,71.86006927490234,29.81552505493164,95.2888412475586
2023-03-15,150.53662109375,87.16854095458984,96.19999694824219,95.2040786743164,139.66119384765625,118.32076263427734,54.487693786621094,258.25274658203125,24.17839241027832,129.42909240722656,372.2232360839844,91.94499206542969,71.80791473388672,30.220449447631836,90.54846954345703
2023-03-16,153.35076904296875,86.82606506347656,100.04000091552734,99.3743896484375,139.3716278076172,120.61781311035156,54.78752517700195,268.72137451171875,25.48870277404785,130.3964080810547,378.75396728515625,91.22565460205078,71.65143585205078,30.42290687561035,90.0227279663086
2023-03-17,152.51438903808594,87.37049865722656,98.94999694824219,100.6621322631836,137.87867736816406,116.06061553955078,54.53313064575195,271.8638610839844,25.67232322692871,130.4329071044922,374.3253479003906,92.59493255615234,70.02577209472656,30.130462646484375,88.96237182617188
2023-03-20,154.87594604492188,87.01927947998047,97.70999908447266,100.26588439941406,139.24496459960938,117.28755950927734,55.06010437011719,264.85888671875,25.846965789794922,132.44058227539062,377.9247131347656,91.78031921386719,70.82555389404297,30.36614227294922,91.28804016113281
2023-03-21,156.7257537841797,86.75584411621094,100.61000061035156,103.93101501464844,139.24496459960938,120.43331146240234,54.80569839477539,266.36688232421875,26.145355224609375,131.48240661621094,382.8870544433594,90.99171447753906,70.51258850097656,29.75428581237793,95.37793731689453
2023-03-22,155.2989959716797,87.59002685546875,98.69999694824219,102.39563751220703,136.67523193359375,117.324462890625,54.56037902832031,264.9172668457031,26.41380500793457,131.40025329589844,376.3602294921875,92.20494079589844,67.87847900390625,29.169620513916016,93.19486236572266
2023-03-23,156.38137817382812,87.80075073242188,98.70999908447266,104.60460662841797,136.7476348876953,117.01081848144531,54.442264556884766,270.141845703125,27.13532257080078,131.21771240234375,377.3775939941406,92.20494079589844,67.45247650146484,28.87049102783203,92.14344787597656
2023-03-24,157.6802215576172,87.95005798339844,98.12999725341797,104.44612121582031,138.1229705810547,115.23037719726562,55.332679748535156,272.9730529785156,26.72416877746582,133.8915557861328,379.85400390625,92.59493255615234,69.18226623535156,29.772417068481445,92.25035858154297
2023-03-27,155.7417755126953,87.00170135498047,98.04000091552734,101.49420166015625,138.7111358642578,118.532958984375,55.741539001464844,268.896484375,26.476675033569336,133.1888885498047,380.5642395019531,90.41979217529297,69.10324096679688,29.808671951293945,94.27303314208984
2023-03-28,155.12191772460938,86.87001037597656,97.23999786376953,100.07769012451172,137.37196350097656,118.89273071289062,55.805145263671875,267.77764892578125,26.355924606323242,133.56304931640625,379.71002197265625,90.58442687988281,68.9364013671875,29.8902530670166,95.44923400878906
2023-03-29,158.19187927246094,86.975341796875,100.25,100.43429565429688,138.7201385498047,119.13257598876953,56.204917907714844,272.9147033691406,26.928749084472656,133.97366333007812,385.22906494140625,90.40245056152344,70.46422576904297,30.325355529785156,97.08875274658203
2023-03-30,159.75634765625,87.07196807861328,102.0,99.93901824951172,138.82875061035156,118.7728042602539,56.195831298828125,276.3587951660156,27.32693099975586,134.55772399902344,387.4846496582031,90.81839752197266,71.38619995117188,30.4567813873291,97.5610122680664
2023-03-31,162.25563049316406,87.49342346191406,103.29000091552734,102.75223541259766,140.24932861328125,120.2119140625,56.359371185302734,280.4937744140625,27.720123291015625,135.68930053710938,392.946044921875,92.17894744873047,72.91402435302734,30.67886734008789,97.71250915527344
2023-04-03,163.50526428222656,87.87374114990234,102.41000366210938,103.37630462646484,141.9232940673828,120.07353210449219,56.69554901123047,279.4527282714844,27.907739639282227,136.43759155273438,394.4434509277344,92.61247253417969,72.33451080322266,30.470382690429688,103.47758483886719
2023-04-04,162.97396850585938,88.19947052001953,103.94999694824219,103.73291015625,143.40721130371094,118.46836853027344,56.522918701171875,279.4040222167969,27.39678955078125,137.09463500976562,392.25506591796875,93.07292175292969,72.23789978027344,30.624479293823242,102.48851013183594
2023-04-05,161.13389587402344,88.49876403808594,101.0999984741211,103.48527526855469,149.849609375,118.64501953125,57.058990478515625,276.6409606933594,26.82596206665039,138.0346221923828,391.22802734375,94.04593658447266,71.8515625,31.41762351989746,104.24390411376953
2023-04-06,162.01950073242188,88.41954040527344,102.05999755859375,107.39802551269531,149.43336486816406,118.51486206054688,57.0953254699707,283.70440673828125,26.981639862060547,138.91064453125,392.7541809082031,94.28921508789062,72.3432846069336,31.639707565307617,102.51525115966797
2023-04-10,159.4316864013672,87.8121109008789,102.16999816894531,105.43669891357422,148.68240356445312,118.90534973144531,56.95903015136719,281.5542907714844,27.522533416748047,137.76084899902344,393.15728759765625,92.76885223388672,72.67693328857422,31.576255798339844,102.06080627441406
2023-04-11,158.2213897705078,87.86492919921875,99.91999816894531,104.35697174072266,148.63717651367188,119.49108123779297,56.85909652709961,275.17181396484375,27.113367080688477,137.487060546875,393.2628479003906,92.9599838256836,72.98426055908203,31.603450775146484,102.78256225585938
2023-04-12,157.5325927734375,87.97057342529297,97.83000183105469,103.65365600585938,148.32044982910156,119.4725112915039,56.95903015136719,275.81396484375,26.440752029418945,137.86122131347656,391.659912109375,92.86442565917969,72.63302612304688,31.57172203063965,102.67564392089844
2023-04-13,162.90505981445312,87.93537139892578,102.4000015258789,106.41736602783203,150.3020477294922,119.92809295654297,57.376991271972656,281.9920349121094,26.4088134765625,138.5,396.86224365234375,92.13462829589844,72.41351318359375,31.576255798339844,103.15679931640625
2023-04-14,162.56068420410156,87.50399017333984,102.51000213623047,107.84379577636719,150.05775451660156,128.98382568359375,57.28612518310547,278.3922424316406,26.703210830688477,137.79733276367188,395.8928527832031,91.29192352294922,71.28961181640625,31.22273826599121,103.40631103515625
2023-04-17,162.58033752441406,87.06385040283203,102.73999786376953,104.97113037109375,149.90391540527344,130.00657653808594,57.65864944458008,280.980224609375,26.94670867919922,137.84295654296875,397.3133239746094,90.2059326171875,72.77352905273438,31.39495849609375,102.20337677001953
2023-04-18,163.80047607421875,87.18709564208984,102.30000305175781,103.51497650146484,145.6873779296875,131.46624755859375,57.74950408935547,280.5618896484375,27.610347747802734,137.9889678955078,397.57244873046875,90.52737426757812,72.60670471191406,31.23180389404297,104.19934844970703
2023-04-19,164.94186401367188,87.05502319335938,104.30000305175781,103.19800567626953,147.062744140625,131.29888916015625,57.8585319519043,280.6397399902344,27.873809814453125,138.016357421875,397.5052795410156,90.44050598144531,73.03695678710938,31.472021102905273,103.8696517944336
2023-04-20,163.97756958007812,87.45120239257812,103.80999755859375,104.29753875732422,148.01278686523438,130.91770935058594,58.11294174194336,278.3630065917969,27.048503875732422,138.52232360839844,395.3360595703125,91.2137222290039,72.31694030761719,31.46294593811035,103.04096984863281
2023-04-21,162.3737030029297,87.30152893066406,106.95999908447266,104.4164047241211,147.20750427246094,130.66665649414062,58.1947135925293,278.0225524902344,27.0634708404541,143.3157501220703,395.64324951171875,90.70114135742188,72.32572937011719,31.5535945892334,103.37067413330078
2023-04-24,162.67872619628906,87.64486694335938,106.20999908447266,104.97113037109375,148.10328674316406,130.8433074951172,58.103851318359375,274.1405029296875,26.986629486083984,143.57286071777344,396.0559997558594,91.57864379882812,72.05352020263672,31.712223052978516,105.32205200195312
2023-04-25,161.1437530517578,88.190673828125,102.56999969482422,102.87110137939453,149.46054077148438,127.99828338623047,58.01298522949219,267.9624938964844,26.187267303466797,143.6095733642578,389.76904296875,92.92522430419922,71.34228515625,31.680496215820312,103.8250961303711
2023-04-26,161.13389587402344,87.86492919921875,104.9800033569336,102.73242950439453,147.1441650390625,125.72969055175781,57.740421295166016,287.3722839355469,26.90080451965332,141.94749450683594,388.11810302734375,91.9347915649414,70.65740203857422,30.937206268310547,102.87167358398438
2023-04-27,165.70938110351562,87.54802703857422,109.81999969482422,106.57585144042969,147.48800659179688,127.42182922363281,57.8585319519043,296.5761413574219,27.170251846313477,143.6830596923828,395.84478759765625,91.02256774902344,72.25546264648438,31.30885124206543,104.10132598876953
2023-04-28,166.958984375,87.99700164794922,105.44999694824219,106.32820892333984,148.12136840820312,128.52821350097656,58.28557205200195,298.94036865234375,27.692180633544922,143.6003875732422,399.22344970703125,92.4908447265625,73.1423110961914,31.26352882385254,105.4468002319336
2023-05-01,166.8704376220703,87.09593200683594,102.05000305175781,106.18953704833984,148.0309295654297,131.28030395507812,58.42185974121094,297.2864074707031,28.850807189941406,143.77488708496094,398.8203430175781,89.82390594482422,72.59791564941406,31.31791877746582,102.17664337158203
2023-05-02,165.8372802734375,87.94314575195312,103.62999725341797,104.3272476196289,149.3247833251953,129.1604766845703,58.15835952758789,297.14044189453125,28.15223503112793,143.6462860107422,394.3378601074219,92.06231689453125,71.36863708496094,30.937206268310547,98.10456085205078
2023-05-03,164.76475524902344,88.33145141601562,103.6500015258789,104.4164047241211,147.37039184570312,126.42697143554688,57.83128356933594,296.1578063964844,27.745075225830078,143.4626922607422,391.6311340332031,92.5761947631836,71.08765411376953,30.85109519958496,96.17097473144531
2023-05-04,163.13136291503906,88.22557067871094,104.0,103.70320892333984,146.70079040527344,124.69766998291016,57.894874572753906,297.14044189453125,27.505563735961914,142.80148315429688,388.85723876953125,91.66165924072266,71.67594909667969,31.08677101135254,94.48690795898438
2023-05-05,170.78660583496094,87.94314575195312,105.66000366210938,104.57489776611328,147.19847106933594,127.13361358642578,58.16745376586914,302.2385559082031,28.621274948120117,143.27899169921875,396.0559997558594,91.35682678222656,72.8701171875,31.286191940307617,96.83926391601562
2023-05-08,170.71771240234375,87.45777130126953,105.83000183105469,106.754150390625,146.86367797851562,127.44041442871094,58.076595306396484,300.2927551269531,29.091310501098633,142.60867309570312,396.16156005859375,90.07650756835938,72.44866180419922,31.19101333618164,97.2224349975586
2023-05-09,169.01547241210938,87.3783187866211,106.62000274658203,106.33811950683594,145.72357177734375,126.82679748535156,57.59505081176758,298.6873779296875,28.512500762939453,141.14862060546875,394.4242858886719,89.75425720214844,72.1413345336914,31.150224685668945,97.24916076660156
2023-05-10,170.77676391601562,87.94314575195312,110.19000244140625,110.69664764404297,146.26646423339844,126.89188385009766,57.694984436035156,303.8536071777344,28.825857162475586,141.4424591064453,396.2671203613281,90.6252212524414,72.83497619628906,31.435754776000977,96.0016860961914
2023-05-11,170.9636993408203,88.20790100097656,112.18000030517578,115.47120666503906,145.6693115234375,126.49207305908203,58.0220832824707,301.71319580078125,28.519481658935547,141.7730255126953,395.57611083984375,91.58325958251953,72.03595733642578,31.113964080810547,94.26415252685547
2023-05-12,170.03750610351562,87.71369171142578,110.26000213623047,116.40235137939453,145.47927856445312,124.67909240722656,58.24922180175781,300.6040344238281,28.281970977783203,143.21475219726562,395.0577392578125,90.81683349609375,72.02717590332031,31.286191940307617,94.25521850585938
2023-05-15,169.5448760986328,87.49309539794922,111.19999694824219,115.41178894042969,144.36631774902344,125.72969055175781,58.094764709472656,301.080810546875,28.893712997436523,143.26065063476562,396.42071533203125,89.87615966796875,71.90425109863281,30.89188003540039,94.43497467041016
2023-05-16,169.5448760986328,87.29007720947266,113.4000015258789,118.38350677490234,144.17630004882812,124.88362121582031,57.44058609008789,303.29901123046875,29.15318489074707,143.01271057128906,393.7715759277344,89.60614013671875,70.104248046875,30.2075138092041,92.14307403564453
2023-05-17,170.15576171875,87.15773010253906,115.5,119.70095825195312,143.85963439941406,128.72349548339844,57.376991271972656,306.1656799316406,30.11620330810547,142.40664672851562,398.551513671875,89.3448715209961,71.05253601074219,30.098739624023438,94.21028137207031
2023-05-18,172.48110961914062,86.75174713134766,118.1500015258789,121.67220306396484,143.39816284179688,129.69972229003906,57.058990478515625,310.572998046875,31.613134384155273,140.0650177001953,402.390869140625,88.68293762207031,70.7100830078125,30.008092880249023,95.06412506103516
2023-05-19,172.58949279785156,86.55760955810547,116.25,121.60286712646484,143.78724670410156,129.40219116210938,57.086238861083984,310.3974609375,31.199983596801758,140.6527099609375,401.80535888671875,88.05582427978516,70.595947265625,29.9627685546875,95.50452423095703
2023-05-22,171.64361572265625,86.47815704345703,115.01000213623047,123.87128448486328,143.01234436035156,128.33302307128906,55.88690948486328,313.16656494140625,31.112167358398438,136.97042846679688,401.9685363769531,87.74225616455078,71.02617645263672,29.97182846069336,94.34510040283203
2023-05-23,169.0423126220703,86.57524871826172,114.98999786376953,121.40474700927734,142.95761108398438,126.99419403076172,55.78697204589844,307.3942565917969,30.62516212463379,135.4920196533203,397.4573669433594,87.99486541748047,70.35887145996094,29.86759376525879,95.63035583496094
2023-05-24,169.3181915283203,86.3546142578125,116.75,119.76039123535156,142.8208465576172,125.83197021484375,55.31449890136719,306.01947021484375,30.47547149658203,134.37171936035156,394.5777893066406,87.55933380126953,68.84860229492188,29.67270278930664,96.69989776611328
2023-05-25,170.45135498046875,86.03691864013672,115.0,122.31607818603516,140.76963806152344,126.13878631591797,54.88747024536133,317.7882995605469,37.90222930908203,133.508544921875,397.9948425292969,87.34162902832031,68.83982849121094,29.27386474609375,94.96526336669922
2023-05-26,172.8555145263672,86.10750579833984,120.11000061035156,123.4354248046875,140.71493530273438,127.31954956054688,54.75117874145508,324.5844421386719,38.86626434326172,133.51768493652344,403.14910888671875,88.047119140625,69.63008117675781,29.27386474609375,94.34510040283203
2023-05-30,174.6981201171875,86.6811294555664,121.66000366210938,122.50428771972656,140.733154296875,127.80303955078125,54.3150634765625,322.9462890625,40.028873443603516,131.4791259765625,403.3027648925781,88.92678833007812,69.89350128173828,29.16055679321289,93.50923156738281
2023-05-31,174.6488037109375,86.99002075195312,120.58000183105469,121.71183013916016,141.3622283935547,126.17597198486328,54.206031799316406,320.19671630859375,37.756534576416016,130.85470581054688,401.0663146972656,89.70196533203125,70.24471282958984,29.42796516418457,91.83747863769531
2023-06-01,177.4471435546875,87.25372314453125,122.7699966430664,122.5538101196289,140.88815307617188,127.91461181640625,54.514949798583984,324.2821044921875,39.688568115234375,132.19537353515625,404.8768310546875,90.05388641357422,70.25349426269531,29.210412979125977,92.89805603027344
2023-06-02,178.2945098876953,86.79359436035156,124.25,123.49486541748047,143.10348510742188,130.60154724121094,55.56890869140625,327.03179931640625,39.2464714050293,134.54615783691406,410.7318420410156,89.06709289550781,71.96571350097656,29.51407814025879,95.05512237548828
2023-06-05,176.9446563720703,86.78474426269531,125.30000305175781,124.82222747802734,144.334228515625,129.3185272216797,55.19639205932617,327.5582580566406,39.090789794921875,134.01356506347656,409.94476318359375,88.90116119384766,71.46524047851562,29.654577255249023,94.6327133178711
2023-06-06,176.58006286621094,86.89091491699219,126.61000061035156,126.10997772216797,144.20657348632812,129.55096435546875,54.79661560058594,325.3546447753906,38.574859619140625,132.6820831298828,410.8373718261719,89.42514038085938,72.15010070800781,29.631916046142578,95.4056625366211
2023-06-07,175.21046447753906,86.4308090209961,121.2300033569336,121.34532165527344,144.51657104492188,130.80612182617188,54.714839935302734,315.3116760253906,37.402130126953125,132.96673583984375,409.4168395996094,88.09772491455078,73.47596740722656,30.13499641418457,97.54476165771484
2023-06-08,177.9200897216797,86.89091491699219,124.25,120.98871612548828,146.1028289794922,130.8433074951172,54.85111999511719,317.14483642578125,38.43512725830078,134.4727020263672,411.8932189941406,89.12821197509766,73.01937866210938,30.26643180847168,97.23918151855469
2023-06-09,178.30438232421875,86.6874008178711,123.43000030517578,121.0778579711914,145.87490844726562,131.10362243652344,54.941993713378906,318.6366271972656,38.69461441040039,134.58290100097656,412.63232421875,89.00597381591797,72.59791564941406,30.08967399597168,96.52015686035156
2023-06-12,181.0928497314453,86.83783721923828,126.56999969482422,122.47456359863281,145.77462768554688,131.09432983398438,54.705753326416016,323.5704345703125,39.40523147583008,133.52688598632812,416.37567138671875,89.2679443359375,72.61547088623047,30.035280227661133,95.64832305908203
2023-06-13,180.619873046875,86.4308090209961,126.66000366210938,122.66278076171875,146.54046630859375,132.0426483154297,54.92381286621094,325.9494934082031,40.942237854003906,133.20547485351562,419.1207275390625,88.38591766357422,73.08084869384766,30.03075408935547,95.66629791259766
2023-06-14,181.25048828125,86.51042938232422,126.41999816894531,122.50428771972656,147.2880096435547,131.5499267578125,55.296329498291016,328.9233703613281,42.91340255737305,134.454345703125,419.61981201171875,89.09329223632812,73.35303497314453,30.012622833251953,94.515869140625
2023-06-15,183.2802734375,87.11215209960938,127.11000061035156,123.91089630126953,149.26634216308594,133.03750610351562,56.05619812011719,339.4149169921875,42.57007598876953,136.31845092773438,424.8221435546875,89.9491195678711,73.73939514160156,30.338947296142578,95.17196655273438
2023-06-16,182.2062530517578,86.83783721923828,125.48999786376953,122.36560821533203,149.72213745117188,133.19554138183594,56.45901870727539,333.78887939453125,42.60899353027344,137.31936645507812,423.3751525878906,89.59980773925781,73.68670654296875,30.502113342285156,94.4888916015625
2023-06-20,182.294921875,86.99710845947266,125.77999877929688,121.93965911865234,149.63099670410156,132.516845703125,56.08366775512695,329.6156005859375,43.72282791137695,136.0521697998047,421.1786193847656,90.21981811523438,72.81743621826172,30.144380569458008,92.32283782958984
2023-06-21,181.26039123535156,87.1386947631836,124.83000183105469,119.41370391845703,149.40306091308594,132.3216094970703,56.239295959472656,325.2376403808594,42.9613037109375,137.2275390625,419.02056884765625,90.43816375732422,72.37840270996094,30.386520385742188,93.35643768310547
2023-06-22,184.25576782226562,86.6874008178711,130.14999389648438,121.98918914794922,150.9893341064453,129.7740936279297,56.623809814453125,331.23431396484375,42.941349029541016,137.69589233398438,420.5331726074219,89.34652709960938,71.34228515625,30.15351676940918,92.84414672851562
2023-06-23,183.94046020507812,86.94400024414062,129.3300018310547,121.18682098388672,150.8617401123047,129.0953826904297,56.02873229980469,326.6612243652344,42.126930236816406,136.32765197753906,417.3539123535156,90.2373046875,70.35887145996094,29.710351943969727,92.03522491455078
2023-06-26,182.55111694335938,87.05018615722656,127.33000183105469,117.22453308105469,149.1751251220703,129.4114990234375,56.04704666137695,320.4014587402344,40.55299377441406,136.4653778076172,415.64874267578125,90.33335876464844,71.9832763671875,30.002748489379883,93.73394012451172
2023-06-27,185.30018615722656,86.8820571899414,129.17999267578125,117.21463012695312,148.8651885986328,129.42079162597656,55.92803955078125,326.2225036621094,41.79457473754883,137.76016235351562,420.20556640625,90.09756469726562,72.8701171875,30.01188850402832,93.96760559082031
2023-06-28,186.4727325439453,87.1386947631836,129.0399932861328,119.04717254638672,148.56431579589844,128.8536376953125,55.406192779541016,327.4705505371094,41.03705596923828,137.73257446289062,420.41754150390625,90.48180389404297,72.9754867553711,29.568723678588867,94.73158264160156
2023-06-29,186.8077392578125,86.46619415283203,127.9000015258789,117.97737121582031,149.60365295410156,133.35362243652344,54.948448181152344,326.6904296875,40.74262619018555,137.1724395751953,422.0745849609375,88.8487548828125,73.7906494140625,29.568723678588867,95.89998626708984
2023-06-30,191.1234893798828,86.6697006225586,130.36000061035156,118.57170104980469,150.89817810058594,135.222412109375,55.13154220581055,332.0435485839844,42.21975326538086,139.33956909179688,427.0553283691406,89.89672088623047,74.19911193847656,29.897668838500977,96.39431762695312
2023-07-03,189.63563537597656,86.56771087646484,130.22000122070312,118.76982879638672,148.9198760986328,136.31021118164062,55.46112823486328,329.5571594238281,42.330528259277344,140.03749084472656,427.5466613769531,89.3871078491211,74.92725372314453,30.12153434753418,96.58306121826172
2023-07-05,188.52220153808594,86.17733001708984,130.3800048828125,120.6023941040039,148.42758178710938,135.40216064453125,55.87310028076172,329.71319580078125,42.234718322753906,139.79872131347656,426.9107971191406,88.5377197265625,75.0959701538086,30.464187622070312,96.08873748779297
2023-07-06,188.99514770507812,85.61845397949219,128.36000061035156,118.97783660888672,147.3245086669922,134.06349182128906,55.442813873291016,332.75531005859375,42.021148681640625,139.5691680908203,423.5678405761719,87.2854995727539,74.5187759399414,30.09412384033203,92.50260162353516
2023-07-07,187.8817596435547,85.63615417480469,129.77999877929688,118.3537826538086,145.1820831298828,135.12132263183594,54.710411071777344,328.8063659667969,42.42036056518555,136.63986206054688,422.4984436035156,86.76012420654297,74.35006713867188,29.874826431274414,92.71830749511719
2023-07-10,185.84213256835938,85.87571716308594,127.12999725341797,115.35233306884766,145.41909790039062,135.87957763671875,54.29844665527344,323.5508728027344,42.09798812866211,136.6949462890625,423.5678405761719,86.87393951416016,74.66974639892578,29.74690055847168,94.09344482421875
2023-07-11,185.31991577148438,86.06204223632812,128.77999877929688,116.03583526611328,144.61683654785156,138.0045928955078,54.49068069458008,324.17486572265625,42.32254409790039,135.9786834716797,426.2653503417969,87.32054901123047,75.73530578613281,30.11696434020996,95.243896484375
2023-07-12,186.98509216308594,86.76287841796875,130.8000030517578,117.8089599609375,144.1154327392578,138.68798828125,54.783653259277344,328.7868347167969,43.8166389465332,136.68576049804688,429.695068359375,88.29251098632812,76.1437759399414,30.555564880371094,95.71125030517578
2023-07-13,187.74378967285156,87.30403137207031,134.3000030517578,123.36608123779297,144.7809600830078,139.3620147705078,55.25054931640625,334.1106872558594,45.88760757446289,136.777587890625,433.1054382324219,89.2207260131836,76.63214874267578,30.660646438598633,93.9586181640625
2023-07-14,187.89161682128906,86.88705444335938,134.67999267578125,124.23779296875,145.7472686767578,140.20452880859375,55.754085540771484,336.62628173828125,45.38059616088867,137.7876739501953,432.8357238769531,88.69532775878906,76.48119354248047,30.54185676574707,90.72301483154297
2023-07-17,191.14317321777344,86.98468780517578,133.55999755859375,123.47505187988281,145.01797485351562,143.58395385742188,55.671695709228516,337.1040344238281,46.37066650390625,136.8143310546875,434.33868408203125,88.73908233642578,75.98393249511719,30.190067291259766,91.11847686767578
2023-07-18,190.886962890625,87.05562591552734,132.8300018310547,122.59342956542969,145.0088348388672,143.8461151123047,55.45197296142578,350.5207214355469,47.40165328979492,137.07144165039062,437.5660095214844,89.14188385009766,75.56658935546875,29.957061767578125,90.70503997802734
2023-07-19,192.2368621826172,87.32178497314453,135.36000061035156,120.8797378540039,144.71713256835938,144.39842224121094,56.431556701660156,346.2208251953125,46.98546600341797,138.00807189941406,438.5390319824219,90.1489028930664,76.41905212402344,30.263166427612305,91.33417510986328
2023-07-20,190.29579162597656,86.86934661865234,129.9600067138672,118.07643127441406,153.50552368164062,146.1770477294922,57.11818313598633,338.2156066894531,45.43149185180664,139.1271209716797,435.6295471191406,89.0543441772461,76.17041778564453,30.815977096557617,92.9430160522461
2023-07-21,189.123291015625,86.93141174316406,130.0,118.88868713378906,155.15565490722656,145.05369567871094,57.16395568847656,335.1929626464844,44.22284698486328,141.31715393066406,435.6295471191406,89.0805892944336,76.52560424804688,31.277421951293945,93.37442016601562
2023-07-24,189.9213409423828,86.77174377441406,128.8000030517578,120.38446044921875,155.96701049804688,147.9088897705078,57.18227005004883,336.4994812011719,44.5252571105957,141.7699432373047,437.57562255859375,88.75662994384766,77.15606689453125,31.19518280029297,94.83942413330078
2023-07-25,190.77859497070312,86.67415618896484,129.1300048828125,121.05804443359375,157.16131591796875,146.80426025390625,56.990013122558594,342.2230224609375,45.59018325805664,142.10260009765625,438.770263671875,88.5902328491211,76.60551452636719,31.250011444091797,94.98323059082031
2023-07-26,191.6456756591797,86.95803833007812,128.14999389648438,128.05148315429688,157.462158203125,147.68418884277344,57.722412109375,329.3426513671875,45.36362075805664,142.25047302246094,438.8377380371094,88.67781066894531,76.95183563232422,31.250011444091797,94.45295715332031
2023-07-27,190.38449096679688,86.21282958984375,128.25,128.1802520751953,158.3464813232422,146.05532836914062,57.16395568847656,322.46856689453125,45.81075668334961,140.55943298339844,435.9282531738281,86.95275115966797,75.28244018554688,30.69719123840332,94.74954986572266
2023-07-28,192.95619201660156,86.5499496459961,132.2100067138672,131.330322265625,159.06666564941406,146.88851928710938,57.2005729675293,329.92767333984375,46.65910339355469,144.5329132080078,440.1960754394531,87.39933776855469,75.22026062011719,30.628664016723633,93.61708068847656
2023-07-31,193.5670623779297,86.65640258789062,133.67999267578125,131.468994140625,152.7306365966797,147.87144470214844,56.697052001953125,327.53887939453125,46.63813781738281,144.4312744140625,441.0342712402344,87.6094741821289,75.70866394042969,30.642370223999023,96.38533782958984
2023-08-01,192.73939514160156,86.0826416015625,131.69000244140625,130.31002807617188,153.97052001953125,147.14125061035156,56.55057907104492,327.94830322265625,46.41657638549805,144.38507080078125,439.77215576171875,86.17386627197266,75.5843505859375,30.267736434936523,95.82808685302734
2023-08-02,189.75384521484375,85.8780517578125,128.2100067138672,127.16988372802734,154.90040588378906,145.47496032714844,56.72452163696289,319.328857421875,44.18293380737305,144.69920349121094,433.65460205078125,85.2518539428711,75.14924621582031,30.267736434936523,94.6327133178711
2023-08-03,188.36456298828125,85.29983520507812,128.91000366210938,127.2392349243164,155.56590270996094,146.36427307128906,56.431556701660156,318.50982666015625,44.4284553527832,145.07810974121094,432.4118347167969,83.28500366210938,74.3322982788086,29.57785987854004,96.27748107910156
2023-08-04,179.31927490234375,86.0025634765625,139.57000732421875,126.9024429321289,154.1072235107422,146.05532836914062,55.580135345458984,319.60186767578125,44.5931282043457,143.48870849609375,430.45611572265625,84.76013946533203,73.72847747802734,29.23520851135254,96.5470962524414
2023-08-07,176.22537231445312,86.0203628540039,142.22000122070312,130.29019165039062,157.80859375,146.74810791015625,56.01957702636719,321.8737487792969,45.32869338989258,145.004150390625,434.2133483886719,83.92599487304688,74.65198516845703,29.23063850402832,96.34938049316406
2023-08-08,177.16140747070312,86.22498321533203,139.94000244140625,130.1614532470703,157.88153076171875,145.92430114746094,55.77238845825195,317.9150695800781,44.57715606689453,145.16123962402344,432.3251037597656,84.90066528320312,74.17247009277344,29.36769676208496,96.82574462890625
2023-08-09,175.5750274658203,86.28723907470703,137.85000610351562,128.4378204345703,157.78125,143.96780395507812,55.90056228637695,314.1903991699219,42.47126388549805,144.9764404296875,429.4349060058594,85.33970642089844,74.16358184814453,29.431657791137695,98.47051239013672
2023-08-10,175.3582763671875,85.72681427001953,138.55999755859375,128.46754455566406,156.9607391357422,143.75244140625,55.77238845825195,314.87286376953125,42.30558776855469,144.2556915283203,429.58905029296875,83.93476867675781,73.87944030761719,29.340288162231445,98.97380828857422
2023-08-11,175.41744995117188,85.45994567871094,138.41000366210938,128.3387451171875,158.49234008789062,144.58563232421875,56.00127029418945,313.00079345703125,40.77555847167969,145.0966033935547,429.338623046875,83.74162292480469,73.994873046875,29.50018882751465,100.51074981689453
2023-08-14,177.065185546875,85.397705078125,140.57000732421875,130.09210205078125,158.1185302734375,144.88522338867188,55.73577117919922,315.9552001953125,43.66792678833008,143.95999145507812,431.7084655761719,83.55720520019531,73.50648498535156,29.267187118530273,100.59162902832031
2023-08-15,175.08200073242188,85.16638946533203,137.6699981689453,128.55670166015625,157.66270446777344,141.1968231201172,55.36042022705078,313.82958984375,43.85456848144531,143.03591918945312,426.67962646484375,83.04793548583984,72.68067169189453,28.792037963867188,98.00910186767578
2023-08-16,174.2137451171875,84.9617919921875,135.07000732421875,127.48687744140625,157.16131591796875,140.59771728515625,55.369571685791016,313.0674743652344,43.40144348144531,141.57591247558594,423.5485534667969,82.39814758300781,71.7838134765625,28.919963836669922,96.35990905761719
2023-08-17,171.67803955078125,84.87284851074219,133.97999572753906,128.6953582763672,158.63818359375,139.13735961914062,55.48858642578125,309.6280212402344,43.259727478027344,140.55943298339844,420.32122802734375,82.04692077636719,71.20663452148438,28.855998992919922,98.22657012939453
2023-08-18,172.1614990234375,85.05963897705078,133.22000122070312,126.25856018066406,157.25245666503906,139.4556121826172,55.799861907958984,309.23712158203125,43.214813232421875,140.9567413330078,420.52349853515625,82.3366928100586,71.42863464355469,29.00676918029785,99.71266174316406
2023-08-21,173.4934844970703,84.63265991210938,134.67999267578125,127.15998840332031,152.5665283203125,139.9330291748047,55.32379913330078,314.5136413574219,46.87568283081055,140.24526977539062,423.2595520019531,81.23909759521484,70.77153015136719,28.824018478393555,98.50748443603516
2023-08-22,174.8649139404297,84.72162628173828,134.25,127.86328887939453,151.35403442382812,137.0310516357422,54.985069274902344,315.0802917480469,45.57920837402344,140.3007049560547,422.1130676269531,81.86251068115234,70.97577667236328,28.90625762939453,97.9547348022461
2023-08-23,178.70301818847656,85.53108978271484,135.52000427246094,131.12228393554688,149.99563598632812,137.9578094482422,55.17731475830078,319.5163879394531,47.024391174316406,141.6128387451172,426.8144836425781,83.89087677001953,72.09461975097656,29.02047348022461,97.0938949584961
2023-08-24,174.0262908935547,85.3354263305664,131.83999633789062,128.55670166015625,150.5061798095703,137.82675170898438,55.03083801269531,312.6472473144531,47.0713005065918,140.9567413330078,420.8992919921875,83.33769989013672,71.81934356689453,28.8514347076416,96.36897277832031
2023-08-25,176.2265167236328,85.28203582763672,133.25999450683594,128.65576171875,152.6641082763672,137.6582489013672,55.28718185424805,315.5884094238281,45.92852020263672,141.88084411621094,423.866455078125,83.60987854003906,71.87261199951172,29.07073211669922,98.09065246582031
2023-08-28,177.78543090820312,85.46886444091797,133.13999938964844,129.7750701904297,150.86428833007812,138.1356964111328,55.442813873291016,316.29193115234375,46.74394226074219,142.10260009765625,426.55438232421875,83.69770812988281,72.54747009277344,29.066162109375,98.9152603149414
2023-08-29,181.66299438476562,86.0203628540039,134.91000366210938,133.30152893066406,150.88265991210938,139.259033203125,55.387882232666016,320.8941955566406,48.68914794921875,142.18576049804688,432.7201232910156,84.56698608398438,73.42658996582031,29.175813674926758,99.50423431396484
2023-08-30,185.1458740234375,85.98478698730469,135.07000732421875,134.5991973876953,150.35008239746094,138.69735717773438,55.36042022705078,321.26544189453125,49.168209075927734,142.3428497314453,434.50244140625,84.47919464111328,73.69296264648438,29.043317794799805,100.47382354736328
2023-08-31,185.3629150390625,86.10932159423828,138.00999450683594,134.88645935058594,148.4675750732422,136.98422241210938,54.77450180053711,320.2590637207031,49.259037017822266,142.6200714111328,433.8665771484375,84.85673522949219,73.15130615234375,28.764625549316406,100.75474548339844
2023-09-01,186.93173217773438,85.6633529663086,138.1199951171875,134.3812713623047,147.36566162109375,137.4429473876953,54.29844665527344,321.1383972167969,48.414676666259766,142.77716064453125,434.67584228515625,83.53480529785156,73.2756118774414,28.618427276611328,102.86605072021484
2023-09-05,187.16854858398438,85.19955444335938,137.27000427246094,134.49021911621094,147.54930114746094,135.92642211914062,53.84983825683594,325.9165344238281,48.45361328125,140.86434936523438,432.7971496582031,82.36345672607422,72.42315673828125,28.179832458496094,102.87511444091797
2023-09-06,180.4691162109375,85.11927032470703,135.36000061035156,133.1925811767578,145.0974884033203,135.70172119140625,53.8132209777832,325.2618408203125,46.97336196899414,140.5871124267578,429.88775634765625,82.5660400390625,72.27220916748047,28.243793487548828,103.76314544677734
2023-09-07,175.1905517578125,85.38687896728516,137.85000610351562,133.98504638671875,146.95240783691406,134.5409393310547,53.401248931884766,322.3598327636719,46.15489196777344,141.927001953125,428.5679016113281,82.79503631591797,72.72506713867188,28.613861083984375,103.2557144165039
2023-09-08,175.80224609375,85.43144989013672,138.22999572753906,135.09446716308594,147.43910217285156,134.64389038085938,53.401248931884766,326.6200866699219,45.48714065551758,141.31715393066406,429.2133483886719,83.11209869384766,72.44093322753906,28.865137100219727,104.7599105834961
2023-09-11,176.96649169921875,85.33331298828125,143.10000610351562,135.62939453125,149.3675079345703,135.23365783691406,53.90477752685547,330.2060852050781,45.0938720703125,142.9989776611328,432.0361022949219,82.51321411132812,72.44979858398438,28.98392105102539,103.44599914550781
2023-09-12,173.94735717773438,85.36009216308594,141.22999572753906,134.0642852783203,150.2123260498047,136.9935760498047,53.373779296875,324.1772766113281,44.78644561767578,140.48548889160156,429.6661376953125,82.9887924194336,72.41426849365234,29.02047348022461,106.46347045898438
2023-09-13,171.88523864746094,85.48495483398438,144.85000610351562,135.42138671875,150.5888214111328,137.0591278076172,53.501949310302734,328.3690490722656,45.40030288696289,141.46502685546875,430.1670837402344,82.97116088867188,71.62398529052734,29.36769676208496,105.51202392578125
2023-09-14,173.39483642578125,85.36898040771484,144.72000122070312,136.79827880859375,150.3592529296875,139.71775817871094,53.94487762451172,330.9486999511719,45.49612045288086,143.01742553710938,433.87615966796875,82.37226867675781,72.92042541503906,29.797155380249023,107.39680480957031
2023-09-15,172.67453002929688,85.17279052734375,140.38999938964844,136.1048583984375,148.25637817382812,139.3058624267578,53.46503829956055,322.6627197265625,43.8182487487793,141.81613159179688,428.64874267578125,81.87029266357422,72.6451644897461,29.669231414794922,105.74761199951172
2023-09-18,175.59507751464844,85.29764556884766,139.97999572753906,136.90725708007812,149.19305419921875,139.5960235595703,53.79723358154297,321.5292663574219,43.884124755859375,142.35211181640625,428.90008544921875,82.3370361328125,71.99693298339844,29.647125244140625,106.59939575195312
2023-09-19,176.68038940429688,85.04788208007812,137.6300048828125,136.73883056640625,148.94512939453125,139.41819763183594,53.68650436401367,321.128662109375,43.438968658447266,141.93630981445312,428.0105895996094,81.72937774658203,71.66838836669922,29.48592185974121,106.31848907470703
2023-09-20,173.148193359375,85.00331115722656,135.2899932861328,132.47935485839844,149.5970916748047,138.8284149169922,53.926422119140625,313.42901611328125,42.160343170166016,141.81613159179688,424.0758361816406,81.98475646972656,71.73053741455078,29.51355743408203,105.47577667236328
2023-09-21,171.60894775390625,84.42354583740234,129.3300018310547,129.21046447753906,148.44923400878906,137.74249267578125,53.09593200683594,312.2174072265625,40.940616607666016,140.5871124267578,417.0664978027344,79.87986755371094,69.28861236572266,29.204973220825195,103.98969268798828
2023-09-22,172.45751953125,84.78031921386719,129.1199951171875,129.0222625732422,147.38401794433594,136.4225311279297,53.15129470825195,309.7550354003906,41.53252410888672,140.06968688964844,416.12872314453125,80.52278900146484,68.76471710205078,29.14970588684082,104.15279388427734
2023-09-25,173.73028564453125,84.11137390136719,131.27000427246094,129.8741455078125,147.16363525390625,137.09654235839844,52.59763717651367,310.27288818359375,42.14337921142578,139.2195281982422,417.87860107421875,78.54122161865234,68.70256042480469,29.108251571655273,105.32173156738281
2023-09-26,169.665283203125,84.00432586669922,125.9800033569336,127.35810852050781,146.02496337890625,135.67364501953125,52.163936614990234,304.9964904785156,41.83295822143555,137.98126220703125,411.7394104003906,78.2681884765625,67.45051574707031,28.237768173217773,105.48485565185547
2023-09-27,168.15567016601562,83.70997619628906,125.9800033569336,129.3095245361328,144.27105712890625,136.46934509277344,51.62873840332031,305.6316223144531,42.388919830322266,136.15162658691406,411.9037780761719,77.86305236816406,66.99763488769531,27.694293975830078,108.91912841796875
2023-09-28,168.4122314453125,83.95972442626953,125.9800033569336,131.06283569335938,144.059814453125,138.16375732421875,51.49955368041992,306.4621887207031,43.00876235961914,135.22755432128906,414.2917785644531,78.1008529663086,67.64051055908203,27.095548629760742,108.25764465332031
2023-09-29,168.9252471923828,83.87946319580078,127.12000274658203,129.6265106201172,143.02218627929688,135.75790405273438,51.65641403198242,308.52386474609375,43.41800308227539,134.78402709960938,413.2862854003906,78.10966491699219,67.83777618408203,27.1416015625,106.54503631591797
2023-10-02,171.43138122558594,83.29540252685547,129.4600067138672,132.90530395507812,142.47122192382812,134.58775329589844,51.195037841796875,314.4354248046875,44.69861602783203,134.1649169921875,413.1219482421875,76.80208587646484,66.59147644042969,25.87963104248047,104.77803802490234
2023-10-03,170.09938049316406,82.6424789428711,124.72000122070312,131.1817169189453,142.64569091796875,133.59542846679688,50.64137649536133,306.2178649902344,43.435970306396484,134.442138671875,407.5919189453125,75.14996337890625,65.2913818359375,26.179006576538086,104.95926666259766
2023-10-04,171.3425750732422,83.22383880615234,127.0,133.96522521972656,142.81097412109375,134.19454956054688,50.78901672363281,311.660400390625,43.958988189697266,134.88568115234375,410.5599670410156,76.21015930175781,66.08936309814453,26.1513671875,101.03565216064453
2023-10-05,172.57589721679688,83.27751922607422,125.95999908447266,133.7968292236328,144.29861450195312,134.76039123535156,48.3344612121582,312.0512390136719,44.60478591918945,132.88047790527344,410.4052429199219,75.83025360107422,66.45699310302734,25.99938201904297,98.76119232177734
2023-10-06,175.12147521972656,82.95551300048828,127.95999908447266,136.28317260742188,144.75772094726562,136.8350830078125,49.03575897216797,319.77044677734375,45.676788330078125,133.1483917236328,415.2779235839844,74.91141510009766,66.63629913330078,26.367835998535156,97.11200714111328
2023-10-09,176.60145568847656,83.81414794921875,128.25999450683594,137.11526489257812,145.58419799804688,136.52386474609375,48.79584884643555,322.2718505859375,45.18869400024414,132.47386169433594,417.9366149902344,76.66959381103516,67.36256408691406,26.630367279052734,100.51006317138672
2023-10-10,176.00946044921875,83.7336654663086,129.47999572753906,136.75865173339844,145.4188995361328,137.35374450683594,49.85702896118164,320.8746337890625,45.71271514892578,133.78604125976562,420.1119384765625,76.56358337402344,67.68533325195312,26.994220733642578,100.08419036865234
2023-10-11,177.400634765625,84.1182632446289,131.8300018310547,139.22518920898438,143.4170379638672,137.8252410888672,49.561744689941406,324.8124084472656,46.71883773803711,132.14122009277344,421.8327941894531,78.16267395019531,68.85990905761719,27.431764602661133,96.49583435058594
2023-10-12,178.2985076904297,83.393798828125,132.3300018310547,137.66009521484375,143.5548095703125,137.50462341308594,48.73125076293945,323.58123779296875,46.857582092285156,132.43690490722656,419.2611389160156,76.04232788085938,67.85569763183594,27.00803565979004,96.47772216796875
2023-10-13,176.46334838867188,83.75157165527344,129.7899932861328,136.06524658203125,144.03228759765625,139.5698699951172,48.80506896972656,320.2297058105469,45.3763427734375,133.70285034179688,417.1728515625,77.40288543701172,67.68533325195312,27.31201171875,99.5586166381836
2023-10-16,176.33502197265625,83.28646850585938,132.5500030517578,137.78883361816406,144.65673828125,139.4284210205078,49.303367614746094,325.02734375,46.00917053222656,134.97808837890625,421.5621032714844,76.15714263916016,68.4922866821289,27.592966079711914,99.63111114501953
2023-10-17,174.78602600097656,82.68722534179688,131.47000122070312,138.40296936035156,143.33438110351562,139.1266632080078,49.8939323425293,324.4606018066406,43.85618591308594,135.1536407470703,421.542724609375,75.31784057617188,68.39366149902344,27.51927375793457,100.93595886230469
2023-10-18,173.4934844970703,82.30261993408203,128.1300048828125,136.6595916748047,140.2489776611328,137.59893798828125,49.87548065185547,322.5552062988281,42.11742401123047,138.6373748779297,415.9256286621094,74.65524291992188,66.94114685058594,27.27977752685547,102.34957122802734
2023-10-19,173.1185760498047,81.98957824707031,128.39999389648438,136.45156860351562,139.8724822998047,137.01425170898438,50.152305603027344,323.7375793457031,42.02260971069336,137.85720825195312,412.27117919921875,73.12677001953125,65.35415649414062,27.00803565979004,102.41299438476562
2023-10-20,170.57301330566406,82.28473663330078,125.16999816894531,134.3218231201172,140.49691772460938,134.80751037597656,50.35531997680664,319.19403076171875,41.3099365234375,137.67120361328125,407.2052001953125,73.5420150756836,64.91478729248047,26.727087020874023,100.65506744384766
2023-10-23,170.69139099121094,82.60669708251953,126.55999755859375,135.2133331298828,139.01849365234375,132.96861267089844,49.90316390991211,321.78326416015625,42.89497756958008,137.7642059326172,406.4993896484375,74.42549896240234,64.2782211303711,26.50140953063965,99.17803192138672
2023-10-24,171.12550354003906,82.90186309814453,128.55999755859375,137.5015869140625,138.87152099609375,133.12893676757812,51.34267807006836,322.9656066894531,43.581695556640625,139.3915252685547,409.56414794921875,75.40618896484375,65.10311126708984,27.183053970336914,98.21751403808594
2023-10-25,168.8167724609375,82.28473663330078,121.38999938964844,124.4260025024414,139.18380737304688,132.40277099609375,51.78560256958008,332.8735656738281,41.701202392578125,140.04246520996094,403.68597412109375,73.72754669189453,63.70438003540039,27.335044860839844,98.39875030517578
2023-10-26,164.66293334960938,82.83924865722656,119.56999969482422,121.12739562988281,136.82379150390625,132.7422637939453,51.47187042236328,320.3861083984375,40.250911712646484,139.2985382080078,398.8520812988281,74.85841369628906,64.92377471923828,27.56993865966797,97.50164794921875
2023-10-27,165.97515869140625,82.81243896484375,127.73999786376953,121.01841735839844,133.70162963867188,127.9610824584961,50.97357177734375,322.2621154785156,40.42458724975586,136.84361267089844,397.0440979003906,74.54036712646484,63.88371658325195,27.049489974975586,95.64403533935547
2023-10-30,168.01751708984375,82.61564636230469,132.7100067138672,123.28683471679688,135.0147705078125,129.59251403808594,51.813289642333984,329.5904846191406,41.084354400634766,138.79637145996094,401.79107666015625,74.20465087890625,64.28718566894531,27.256744384765625,95.94307708740234
2023-10-31,168.4911651611328,82.56196594238281,133.08999633789062,122.9104232788086,136.21771240234375,131.1390838623047,52.12703323364258,330.37213134765625,40.704063415527344,139.5124053955078,404.314453125,73.84239959716797,65.38104248046875,27.491640090942383,95.91590118408203
2023-11-01,171.64842224121094,83.47432708740234,137.0,125.2580795288086,136.53915405273438,131.0259552001953,52.08089065551758,338.1499938964844,42.24618911743164,139.12185668945312,408.6263732910156,75.44347381591797,65.78450775146484,27.804828643798828,95.72560119628906
2023-11-02,175.20042419433594,83.97669219970703,138.07000732421875,126.28829193115234,137.96243286132812,133.36468505859375,52.680686950683594,340.3485412597656,43.424991607666016,140.82354736328125,416.4574279785156,77.16331481933594,67.94535064697266,28.32527732849121,98.86994934082031
2023-11-03,174.2926483154297,84.48805236816406,138.60000610351562,127.88311004638672,138.9725341796875,134.8546905517578,52.357723236083984,344.7259216308594,44.92119598388672,139.5496063232422,420.2569274902344,77.6863784790039,69.56822967529297,28.4910831451416,97.66477966308594
2023-11-06,176.8382568359375,84.06642150878906,139.74000549316406,129.0222625732422,139.3031463623047,135.87319946289062,52.56995391845703,348.37060546875,45.66580581665039,140.3585968017578,421.2237243652344,76.93283081054688,68.56401824951172,28.41739273071289,95.93402862548828
2023-11-07,179.39369201660156,84.51498413085938,142.7100067138672,129.73548889160156,138.5685272216797,135.80715942382812,52.76374053955078,352.27911376953125,45.86942672729492,140.03314208984375,422.4224853515625,78.06758880615234,67.99916076660156,28.210134506225586,94.4298095703125
2023-11-08,180.44937133789062,84.8020248413086,142.0800018310547,130.5972900390625,138.0634765625,136.47669982910156,52.680686950683594,354.88800048828125,46.48727035522461,139.49378967285156,422.73193359375,79.39737701416016,68.22330474853516,28.002872467041016,93.26994323730469
2023-11-09,179.97579956054688,84.09335327148438,140.60000610351562,129.01235961914062,135.3729248046875,136.07119750976562,52.283897399902344,352.43536376953125,46.86257553100586,139.80996704101562,419.4350891113281,77.57112884521484,67.14738464355469,27.634418487548828,93.297119140625
2023-11-10,184.15484619140625,84.29068756103516,143.55999755859375,131.34019470214844,135.216796875,138.0893096923828,52.339263916015625,361.2099304199219,48.244998931884766,140.79562377929688,425.9803466796875,78.00552368164062,67.77499389648438,27.78179931640625,94.01298522949219
2023-11-13,182.5741424560547,84.28170013427734,142.58999633789062,130.8449249267578,135.5657501220703,137.47633361816406,52.533050537109375,358.2882995605469,48.52946090698242,141.77203369140625,425.5742492675781,77.82823181152344,67.21014404296875,27.450185775756836,95.00068664550781
2023-11-14,185.18235778808594,85.34027862548828,145.8000030517578,132.36048889160156,135.5933074951172,139.98483276367188,52.689918518066406,361.7961120605469,49.56352996826172,141.45587158203125,433.8307189941406,79.5924072265625,70.94004821777344,28.546350479125977,95.36647033691406
2023-11-15,185.74546813964844,84.81099700927734,143.1999969482422,133.35105895996094,136.64013671875,141.21078491210938,52.791419982910156,361.9430236816406,48.796974182128906,140.80496215820312,434.74920654296875,78.47537994384766,71.14627075195312,28.458845138549805,94.79037475585938
2023-11-16,187.42498779296875,85.27750396728516,142.8300018310547,135.63926696777344,137.83387756347656,142.82339477539062,52.736053466796875,368.30718994140625,49.38786315917969,142.11611938476562,435.28094482421875,79.4505615234375,70.99384307861328,28.6108341217041,93.69305419921875
2023-11-17,187.40524291992188,85.44792938232422,145.17999267578125,134.03456115722656,137.54922485351562,144.11537170410156,52.83755874633789,362.1192932128906,49.206207275390625,140.47947692871094,435.82232666015625,79.8228988647461,70.94004821777344,28.68913459777832,95.97913360595703
2023-11-20,189.14402770996094,85.58251953125,146.1300048828125,134.9656982421875,138.76182556152344,144.55857849121094,52.96674728393555,369.5506591796875,50.31513214111328,139.73558044433594,439.17718505859375,80.31046295166016,71.4600830078125,28.601619720458984,95.5584945678711
2023-11-21,188.34378051757812,85.67223358154297,143.89999389648438,135.6789093017578,139.88185119628906,144.25682067871094,53.54808807373047,365.27203369140625,49.851009368896484,139.12185668945312,438.22003173828125,80.27505493164062,70.95797729492188,28.661497116088867,95.52192687988281
2023-11-22,189.00572204589844,85.7529525756836,146.7100067138672,137.18463134765625,139.6041717529297,144.59629821777344,53.9079704284668,369.9520263671875,48.625282287597656,140.43299865722656,439.9118957519531,80.55875396728516,71.30766296386719,28.799667358398438,95.11042022705078
2023-11-24,187.68185424804688,85.35821533203125,146.74000549316406,135.4015350341797,141.15921020507812,144.79432678222656,54.0463752746582,369.540771484375,47.687034606933594,140.76776123046875,440.1826171875,79.61013793945312,71.51388549804688,28.87335968017578,95.62250518798828
2023-11-27,187.5040283203125,85.84266662597656,147.72999572753906,135.12420654296875,140.0299530029297,144.46426391601562,53.94487762451172,370.6961364746094,48.15217208862305,140.63758850097656,439.3898620605469,80.93994140625,71.77388763427734,28.919418334960938,95.064697265625
2023-11-28,188.10665893554688,86.21944427490234,147.02999877929688,135.90673828125,140.35389709472656,144.79432678222656,54.055606842041016,374.7007141113281,47.73195266723633,141.6139678955078,439.82489013671875,81.0995101928711,72.24910736083984,29.011533737182617,95.00984191894531
2023-11-29,187.0890655517578,86.64108276367188,146.32000732421875,133.7175750732422,140.79823303222656,145.52992248535156,53.732635498046875,370.93109130859375,48.05036163330078,140.5352783203125,439.5154724121094,82.1190185546875,72.751220703125,28.781246185302734,93.58332061767578
2023-11-30,187.66209411621094,86.3539810180664,146.08999633789062,131.28079223632812,143.15859985351562,147.18963623046875,54.35581970214844,370.9898681640625,46.68291473388672,142.75775146484375,441.2460632324219,81.17041015625,73.28022766113281,28.90559959411621,93.94908905029297
2023-12-01,188.93655395507812,87.11331176757812,147.02999877929688,130.61709594726562,146.60194396972656,147.90635681152344,54.54184341430664,366.68182373046875,46.677921295166016,141.9580535888672,443.85638427734375,82.69918823242188,75.0823974609375,29.260242462158203,94.17770385742188
2023-12-04,187.1483612060547,86.7804183959961,144.83999633789062,128.05148315429688,147.06475830078125,148.99085998535156,54.476722717285156,361.424072265625,45.42525100708008,141.40008544921875,441.5264587402344,82.37012481689453,75.62933349609375,29.145097732543945,93.66560363769531
2023-12-05,191.0902862548828,87.3562240600586,146.8800048828125,129.75527954101562,146.75929260253906,148.9719696044922,54.56044006347656,364.73345947265625,46.483375549316406,136.47164916992188,441.4394836425781,84.13990020751953,75.12723541259766,28.937843322753906,91.84588623046875
2023-12-06,190.0035400390625,87.58114624023438,144.52000427246094,128.79444885253906,144.97280883789062,147.4065704345703,54.504638671875,361.0912170410156,45.422264099121094,136.36935424804688,439.66058349609375,85.26048278808594,74.903076171875,29.324722290039062,90.62969207763672
2023-12-07,191.93006896972656,87.60811614990234,146.8800048828125,135.63926696777344,143.84353637695312,147.85919189453125,54.634849548339844,363.1962585449219,46.51332473754883,136.22984313964844,443.0153503417969,84.77134704589844,75.11825561523438,29.260242462158203,89.99873352050781
2023-12-08,193.3527069091797,87.16727447509766,147.4199981689453,133.7175750732422,142.93641662597656,149.4906768798828,54.51393508911133,366.4076843261719,47.42170715332031,134.97450256347656,444.9198913574219,84.07768249511719,74.99272918701172,29.204973220825195,91.03204345703125
2023-12-11,190.85317993164062,87.17628479003906,145.88999938964844,132.0336151123047,143.52883911132812,150.03762817382812,54.913883209228516,363.5389099121094,46.54426956176758,135.59754943847656,446.6504821777344,83.8998031616211,75.1989517211914,29.393808364868164,91.09605407714844
2023-12-12,192.36476135253906,87.43717193603516,147.47999572753906,131.27084350585938,143.53807067871094,151.3767547607422,55.26731872558594,366.55450439453125,47.572444915771484,135.70913696289062,448.6903991699219,84.1488037109375,75.15412139892578,29.27406120300293,89.66039276123047
2023-12-13,195.5756378173828,88.5347671508789,148.83999633789062,131.32041931152344,144.2045440673828,151.88600158691406,55.74168395996094,366.5448303222656,48.00267791748047,138.16404724121094,454.8779296875,86.12313079833984,78.03225708007812,30.379436492919922,90.45596313476562
2023-12-14,195.72381591796875,89.24932098388672,147.4199981689453,130.6963348388672,145.2042236328125,154.64907836914062,54.913883209228516,358.2812194824219,48.26420211791992,134.5188446044922,456.3377685546875,88.36343383789062,80.28275299072266,29.983341217041016,92.88835144042969
2023-12-15,195.1903076171875,89.04182434082031,149.97000122070312,131.35011291503906,143.62139892578125,155.81846618652344,54.504638671875,362.9808349609375,48.80324935913086,133.86793518066406,455.5863952636719,88.46159362792969,79.15303802490234,29.462894439697266,92.26653289794922
2023-12-18,193.53054809570312,88.86138153076172,154.07000732421875,134.5199432373047,143.8805694580078,156.76148986816406,54.89527893066406,364.8607177734375,49.9881477355957,135.92298889160156,458.1491394042969,87.75674438476562,78.97369384765625,29.39640998840332,92.95234680175781
2023-12-19,194.5679168701172,88.96965026855469,153.7899932861328,135.3619384765625,144.82472229003906,158.8550567626953,54.71855926513672,365.4579772949219,49.51598358154297,135.92298889160156,460.9350891113281,88.22962188720703,79.5744400024414,29.56378173828125,94.17770385742188
2023-12-20,192.48330688476562,89.29444122314453,152.1199951171875,137.0360107421875,141.8719482421875,157.06329345703125,53.58382797241211,362.8731994628906,48.025634765625,133.82144165039062,454.5478210449219,88.82737731933594,78.60608673095703,28.96404457092285,92.60486602783203
2023-12-21,192.33514404296875,89.285400390625,153.83999633789062,139.0963897705078,143.32518005371094,157.9591522216797,53.9372673034668,365.7321472167969,48.903079986572266,134.1468963623047,458.8577880859375,88.26529693603516,79.30319213867188,29.01518440246582,93.0255126953125
2023-12-22,191.26812744140625,89.16813659667969,153.4199981689453,140.15631103515625,143.89910888671875,157.86485290527344,54.24420166015625,366.7503662109375,48.74335479736328,135.0953826904297,459.7798767089844,87.86382293701172,79.61178588867188,29.112815856933594,93.19011688232422
2023-12-26,190.7247772216797,89.34857940673828,153.41000366210938,140.18605041503906,144.5285186767578,158.79844665527344,54.467437744140625,366.8287048339844,49.191558837890625,135.70913696289062,461.7213134765625,88.11365509033203,80.20176696777344,29.289480209350586,93.40040588378906
2023-12-27,190.82354736328125,89.91699981689453,153.33999633789062,139.046875,144.72293090820312,159.75091552734375,54.6069450378418,366.25103759765625,49.329315185546875,135.82070922851562,462.55621337890625,89.67499542236328,80.59207916259766,29.270885467529297,92.96149444580078
2023-12-28,191.24838256835938,89.71849060058594,153.3800048828125,138.908203125,144.935791015625,160.5996856689453,54.64414978027344,367.4357604980469,49.43413162231445,135.51382446289062,462.73089599609375,89.02367401123047,81.16390991210938,29.480093002319336,91.61727905273438
2023-12-29,190.21102905273438,89.54706573486328,151.94000244140625,138.37330627441406,145.08392333984375,160.4110565185547,54.81156921386719,368.17987060546875,49.43413162231445,136.26707458496094,461.391357421875,88.22071075439453,80.20176696777344,29.442901611328125,91.42523956298828
2024-01-02,183.4039764404297,89.12303161621094,149.92999267578125,136.86758422851562,148.07369995117188,162.2782745361328,55.63937759399414,363.1179504394531,48.0825309753418,138.31285095214844,458.8092041015625,87.71212005615234,80.89160919189453,29.870622634887695,93.60160064697266
2024-01-03,182.03076171875,89.16813659667969,148.47000122070312,137.6105194091797,148.9993133544922,161.5709991455078,55.76959228515625,362.8536071777344,47.484596252441406,137.47592163085938,455.0622253417969,88.07794952392578,78.9582748413086,29.982202529907227,94.38801574707031
2024-01-04,179.71893310546875,88.8072280883789,144.57000732421875,135.10438537597656,148.6846466064453,162.64320373535156,55.58356475830078,360.2491760253906,47.912841796875,138.22914123535156,453.5964660644531,86.7396469116211,78.81304931640625,29.88922119140625,93.56503295898438
2024-01-05,178.9977569580078,88.59971618652344,145.24000549316406,134.45059204101562,149.14743041992188,163.45924377441406,55.49985122680664,360.0631408691406,49.0098876953125,137.08538818359375,454.2177429199219,85.90990447998047,78.61334991455078,30.00079917907715,93.8485107421875
2024-01-08,183.324951171875,88.93353271484375,149.10000610351562,137.53128051757812,149.51768493652344,163.22201538085938,55.90910720825195,366.85809326171875,52.160282135009766,138.26634216308594,460.7021484375,86.75746154785156,79.73885345458984,30.219308853149414,92.28482055664062
2024-01-09,182.9100341796875,88.91549682617188,151.3699951171875,139.6214141845703,149.61026000976562,161.93157958984375,55.80679702758789,367.93511962890625,53.045719146728516,138.83360290527344,460.003173828125,86.2043228149414,79.2033462524414,29.972902297973633,91.14176177978516
2024-01-10,183.94740295410156,88.74407958984375,153.72999572753906,140.93885803222656,149.8323974609375,162.27316284179688,55.99281692504883,374.7691650390625,54.253570556640625,139.4287109375,462.6047058105469,85.8028335571289,79.29410552978516,29.96825408935547,90.24562072753906
2024-01-11,183.35462951660156,89.24932098388672,155.17999267578125,140.74073791503906,149.16592407226562,161.58999633789062,55.63007354736328,376.59033203125,54.72472381591797,139.958740234375,462.4009094238281,86.28463745117188,78.55889892578125,29.270885467529297,90.22734832763672
2024-01-12,183.68063354492188,89.41175842285156,154.6199951171875,141.3053741455078,150.31375122070312,160.4039306640625,56.1695442199707,380.3500671386719,54.61292266845703,140.04246520996094,462.72119140625,86.11509704589844,79.03087615966797,29.438255310058594,91.39781188964844
2024-01-16,181.41824340820312,88.74407958984375,153.16000366210938,141.14691162109375,148.58279418945312,159.3981475830078,55.7974967956543,382.1124267578125,56.281959533691406,139.28924560546875,461.0224304199219,84.59837341308594,78.4499740600586,29.117467880249023,89.33119201660156
2024-01-17,180.47964477539062,88.50044250488281,151.7100067138672,140.13648986816406,148.49948120117188,158.54415893554688,55.7974967956543,381.3291320800781,55.953548431396484,139.4287109375,458.4598083496094,84.46454620361328,77.01583862304688,28.694395065307617,88.68194580078125
2024-01-18,186.35800170898438,88.41926574707031,153.5,142.12754821777344,149.22149658203125,158.85728454589844,55.95560836791992,385.6371765136719,57.005672454833984,138.62486267089844,462.5367431640625,83.67939758300781,76.59833526611328,28.38755226135254,88.51734924316406
2024-01-19,189.25270080566406,88.43730926513672,155.33999633789062,145.00022888183594,149.65650939941406,161.59947204589844,55.648677825927734,390.3368225097656,59.38544464111328,138.0914764404297,468.3028259277344,83.94706726074219,77.51507568359375,28.350357055664062,88.65451049804688
2024-01-22,191.55465698242188,88.59971618652344,154.77999877929688,144.6138916015625,150.38780212402344,161.40968322753906,55.4068489074707,388.2220153808594,59.548152923583984,138.36289978027344,469.2929992675781,84.44668579101562,77.97798919677734,28.206235885620117,88.5356216430664
2024-01-23,192.8291015625,88.3831787109375,156.02000427246094,145.65399169921875,147.92559814453125,160.34698486328125,55.66727066040039,390.5620422363281,59.76676559448242,144.08978271484375,470.66162109375,83.77754211425781,77.44245910644531,28.25737762451172,89.5323715209961
2024-01-24,192.1573028564453,88.18470001220703,156.8699951171875,147.29833984375,147.13880920410156,161.77976989746094,54.79297637939453,394.1455078125,61.25313186645508,142.3492431640625,471.1761779785156,83.28683471679688,76.3351058959961,27.871503829956055,91.07776641845703
2024-01-25,191.83128356933594,88.58167266845703,157.75,150.43844604492188,147.69419860839844,164.09498596191406,55.02549743652344,396.40728759765625,61.507667541503906,145.62445068359375,473.73883056640625,83.83109283447266,77.31538391113281,28.37360382080078,93.39128875732422
2024-01-26,190.1023406982422,88.48241424560547,159.1199951171875,150.7554473876953,147.63865661621094,163.4687042236328,55.220821380615234,395.4869384765625,60.92271041870117,146.1110382080078,473.136962890625,83.67046356201172,77.09754943847656,28.45728874206543,94.18683624267578
2024-01-29,189.42063903808594,88.83429718017578,161.25999450683594,152.0630340576172,147.50904846191406,163.8957061767578,55.555660247802734,401.1558532714844,62.354164123535156,146.12973022460938,476.88397216796875,84.63406372070312,77.60584259033203,28.63860321044922,94.30572509765625
2024-01-30,185.7751007080078,89.00572967529297,159.0,150.0323486328125,146.9629364013672,167.25465393066406,55.71378707885742,400.0495300292969,62.66261672973633,147.3743133544922,476.5151062011719,85.40135192871094,76.87970733642578,28.62930679321289,95.87854766845703
2024-01-31,182.178955078125,89.41175842285156,155.1999969482422,138.7794189453125,147.08326721191406,165.44235229492188,55.33244323730469,389.26959228515625,61.41783142089844,147.04681396484375,468.7396545410156,86.24002075195312,76.14449310302734,28.568866729736328,94.01309967041016
2024-02-01,184.60934448242188,89.92120361328125,159.27999877929688,139.8294219970703,146.5834197998047,164.84454345703125,56.71830368041992,395.3401184082031,62.9151725769043,148.95574951171875,474.8746337890625,87.93169403076172,77.52415466308594,29.112815856933594,93.62903594970703
2024-02-02,183.61148071289062,89.09772491455078,171.80999755859375,141.03793334960938,144.96356201171875,165.7934112548828,56.30905532836914,402.6245422363281,66.0426254272461,147.93577575683594,479.873779296875,85.9894027709961,76.56202697753906,28.587465286254883,93.24497985839844
2024-02-05,185.41941833496094,88.36474609375,170.30999755859375,142.3256378173828,144.2138214111328,165.5751953125,55.843997955322266,397.1709289550781,69.208984375,148.04808044433594,478.1264343261719,84.2529525756836,74.95545196533203,27.99237632751465,92.86091613769531
2024-02-06,187.01992797851562,88.82624053955078,169.14999389648438,142.74171447753906,146.3057098388672,166.14447021484375,55.75098419189453,397.0142822265625,68.10194396972656,148.74990844726562,479.5146484375,85.07645416259766,75.96295928955078,28.094655990600586,93.50101470947266
2024-02-07,187.1286163330078,88.64524841308594,170.52999877929688,144.16815185546875,146.23167419433594,166.4575958251953,55.7974967956543,405.39532470703125,69.97461700439453,148.8996124267578,483.5139465332031,84.6646957397461,75.8540267944336,28.113256454467773,93.47357940673828
2024-02-08,186.0517578125,88.373779296875,169.83999633789062,144.53463745117188,144.7691650390625,165.85984802246094,55.648677825927734,405.4541015625,69.51742553710938,148.45045471191406,483.7275085449219,84.17240142822266,76.47125244140625,27.91334342956543,95.07384490966797
2024-02-09,186.81341552734375,88.3466567993164,174.4499969482422,147.59552001953125,145.1024169921875,166.05909729003906,55.39754867553711,411.7594299316406,72.00502014160156,147.30882263183594,486.5231628417969,84.00233459472656,76.58924102783203,28.02027130126953,93.06208801269531
2024-02-12,185.1317596435547,88.36474609375,172.33999633789062,146.13937377929688,146.1113739013672,166.7991943359375,55.52775573730469,406.5800476074219,72.11979675292969,147.01873779296875,486.30963134765625,84.10078430175781,76.60740661621094,28.345712661743164,94.3423080444336
2024-02-13,183.0445098876953,87.55033874511719,168.63999938964844,143.77191162109375,144.833984375,165.3474578857422,55.20222091674805,397.826904296875,72.00003051757812,146.23269653320312,479.61163330078125,82.65973663330078,75.0280532836914,27.87614631652832,93.53011322021484
2024-02-14,182.16412353515625,87.93944549560547,170.97999572753906,144.5643768310547,144.15826416015625,167.0269317626953,55.14641571044922,401.6720886230469,73.76888275146484,145.63381958007812,483.9701843261719,83.08040618896484,75.6180419921875,28.029565811157227,93.06864166259766
2024-02-15,181.87725830078125,88.1475601196289,169.8000030517578,141.42425537109375,146.1761474609375,170.6705322265625,55.24872970581055,398.7980651855469,72.52909088134766,146.92515563964844,487.3094482421875,83.51006317138672,77.37892150878906,28.49913215637207,95.73592376708984
2024-02-16,180.3439178466797,87.8670654296875,169.50999450683594,139.19546508789062,146.00828552246094,169.8734893798828,55.23942565917969,396.34576416015625,72.48414611816406,147.3930206298828,484.8827209472656,83.02672576904297,76.58018493652344,28.46658706665039,95.73592376708984
2024-02-20,179.60205078125,87.9485092163086,167.0800018310547,139.789794921875,147.23004150390625,170.53768920898438,56.4578742980957,395.10003662109375,69.32877349853516,148.32882690429688,482.2132263183594,83.09832000732422,76.44403076171875,28.44799041748047,94.83146667480469
2024-02-21,180.3538818359375,87.68606567382812,168.58999633789062,141.2063446044922,147.99481201171875,171.64785766601562,56.96013259887695,394.50164794921875,67.35228729248047,150.097412109375,482.6500549316406,82.50758361816406,76.8706283569336,28.824567794799805,96.76960754394531
2024-02-22,182.38172912597656,87.75846099853516,174.5800018310547,142.73179626464844,149.64564514160156,173.7068634033203,56.876426696777344,403.7908630371094,78.3986587524414,150.24716186523438,492.6387023925781,82.91034698486328,77.01583862304688,28.601411819458008,96.68656158447266
2024-02-23,180.5516815185547,88.08422088623047,174.99000549316406,142.60302734375,150.94204711914062,174.57981872558594,56.92292785644531,402.5058898925781,78.67715454101562,150.68695068359375,492.9784240722656,84.02025604248047,76.97955322265625,28.805971145629883,95.83744049072266
2024-02-26,179.20635986328125,87.89417266845703,174.72999572753906,136.27328491210938,149.96275329589844,173.98204040527344,56.467166900634766,399.7593078613281,78.95167541503906,149.92898559570312,491.17291259765625,83.76959991455078,76.13541412353516,28.238780975341797,96.2158432006836
2024-02-27,180.66049194335938,87.77656555175781,173.5399932861328,137.5709228515625,150.1399688720703,174.06741333007812,56.12303924560547,399.70050048828125,78.56135559082031,149.0680694580078,492.0853271484375,83.17888641357422,76.2261962890625,28.773427963256836,96.01280212402344
2024-02-28,179.46356201171875,87.9485092163086,173.16000366210938,135.09446716308594,150.67156982421875,174.94989013671875,56.178836822509766,399.9359130859375,77.52519226074219,149.76991271972656,491.4350280761719,83.70696258544922,76.99769592285156,28.86176300048828,96.28046417236328
2024-02-29,178.80076599121094,88.09327697753906,176.75999450683594,137.15487670898438,150.51303100585938,176.5439453125,55.825401306152344,405.7428894042969,78.97161865234375,148.731201171875,493.2016906738281,84.2977066040039,77.65122985839844,28.871057510375977,96.46504211425781
2024-03-01,177.7225341796875,88.51619720458984,178.22000122070312,135.8473358154297,151.2032012939453,175.8133087158203,55.3696403503418,407.5673522949219,82.13300323486328,148.64700317382812,497.83197021484375,84.8229751586914,78.5770492553711,28.694395065307617,97.68330383300781
2024-03-04,173.2117156982422,88.29838562011719,177.5800018310547,132.09303283691406,149.0767364501953,177.13221740722656,55.63007354736328,406.99847412109375,85.08576202392578,149.31137084960938,497.2981262207031,84.48177337646484,79.312255859375,29.177902221679688,96.31736755371094
2024-03-05,168.28538513183594,88.77938842773438,174.1199951171875,131.41946411132812,149.19796752929688,178.90660095214844,55.36033630371094,394.9626770019531,85.81549835205078,149.0867919921875,492.32806396484375,85.68495178222656,78.35012817382812,29.094221115112305,97.49872589111328
2024-03-06,167.2961883544922,88.91554260253906,173.50999450683594,130.1614532470703,148.6103973388672,179.8364715576172,55.38824462890625,394.41339111328125,88.54676818847656,149.3207550048828,494.8227844238281,86.18775939941406,78.74043273925781,29.373165130615234,98.54164123535156
2024-03-07,167.17747497558594,89.10611724853516,176.82000732421875,133.1133270263672,148.17205810546875,178.2613525390625,55.28593063354492,401.328857421875,92.5089111328125,150.30328369140625,499.7346496582031,86.10694885253906,78.72228240966797,29.56378173828125,99.09539031982422
2024-03-08,168.88882446289062,89.18780517578125,175.35000610351562,134.13363647460938,148.77825927734375,178.5934600830078,55.36033630371094,398.46453857421875,87.37679290771484,150.05062866210938,496.735107421875,85.95431518554688,79.62995147705078,29.638166427612305,100.0275650024414
2024-03-11,170.88705444335938,89.08797454833984,171.9600067138672,136.37232971191406,150.37310791015625,178.65988159179688,56.03002166748047,396.7969665527344,85.6258316040039,151.1735382080078,496.3079833984375,85.90940856933594,79.24872589111328,29.786941528320312,100.61825561523438
2024-03-12,171.3618927001953,88.86106872558594,175.38999938964844,137.1945037841797,151.78146362304688,180.13059997558594,56.2718505859375,407.3515930175781,91.75421905517578,151.52915954589844,501.64691162109375,85.19113159179688,79.0762710571289,29.49869155883789,99.97219848632812
2024-03-13,169.28453063964844,88.6977310180664,176.55999755859375,138.47232055664062,150.25189208984375,181.59185791015625,56.84851837158203,407.17498779296875,90.73098754882812,151.87538146972656,500.8606262207031,84.778076171875,78.6768798828125,29.698606491088867,101.08894348144531
2024-03-14,171.1343536376953,88.135009765625,178.75,141.7511444091797,148.48915100097656,178.3562469482422,56.72195053100586,417.1017761230469,87.79206848144531,151.12677001953125,499.8705749511719,83.47615051269531,77.49691772460938,29.46150016784668,102.87942504882812
2024-03-15,170.7584228515625,88.12596130371094,174.4199981689453,139.84922790527344,147.52847290039062,180.5670623779297,56.14066696166992,408.4698486328125,87.68526458740234,151.0144805908203,496.4381103515625,83.44922637939453,77.324462890625,29.503339767456055,102.69485473632812
2024-03-18,171.84657287597656,88.03519439697266,174.47999572753906,146.28797912597656,146.20411682128906,182.80638122558594,56.375057220458984,409.35260009765625,88.30219268798828,150.8553924560547,499.3884582519531,83.19782257080078,77.36077880859375,29.6392822265625,103.64547729492188
2024-03-19,174.18113708496094,88.25299835205078,175.89999389648438,145.64410400390625,145.691162109375,183.87857055664062,56.46881103515625,413.364501953125,89.24356842041016,151.43557739257812,502.16375732421875,83.43124389648438,77.33354187011719,29.901784896850586,104.37458038330078
2024-03-20,176.7432098388672,88.43452453613281,178.14999389648438,147.3379669189453,145.27146911621094,186.28868103027344,56.956336975097656,417.1116027832031,90.21587371826172,151.58529663085938,506.8083190917969,83.4043197631836,77.84184265136719,29.93928337097168,104.28228759765625
2024-03-21,169.5219268798828,88.49805450439453,178.14999389648438,146.208740234375,145.26211547851562,188.87904357910156,56.69382858276367,421.17254638671875,91.27705383300781,151.46363830566406,508.4832763671875,83.58390045166016,78.40457916259766,29.892410278320312,104.74376678466797
2024-03-22,170.422119140625,88.77938842773438,178.8699951171875,149.3488311767578,144.7771759033203,186.56382751464844,56.71257400512695,420.5545349121094,94.12611389160156,151.27650451660156,507.5191650390625,84.38301086425781,77.41776275634766,29.93459701538086,104.74376678466797
2024-03-25,169.00753784179688,88.61604309082031,179.7100067138672,148.65545654296875,144.767822265625,184.85589599609375,56.62820053100586,414.7868347167969,94.83787536621094,149.90089416503906,506.1170654296875,83.96099853515625,76.94173431396484,30.075223922729492,105.81436920166016
2024-03-26,167.87982177734375,88.706787109375,178.3000030517578,149.24981689453125,145.2808074951172,185.71932983398438,56.75945281982422,413.599853515625,92.40110778808594,150.23780822753906,505.1822204589844,84.19444274902344,76.63048553466797,29.733030319213867,105.0206298828125
2024-03-27,171.4409942626953,88.9972152709961,179.8300018310547,149.44790649414062,147.3233184814453,189.3155517578125,57.21885681152344,413.3841552734375,90.09410858154297,152.1654510498047,509.4277648925781,85.02950286865234,78.60781860351562,30.56272315979004,106.10970306396484
2024-03-28,169.6307373046875,88.8883056640625,180.3800048828125,149.50732421875,147.53781127929688,190.0556182861328,57.35948944091797,412.68768310546875,90.19990539550781,151.8285675048828,509.330322265625,84.9576416015625,79.16622161865234,30.773662567138672,107.28182220458984
2024-04-01,168.19638061523438,88.24201202392578,180.97000122070312,154.0243682861328,147.15542602539062,188.76519775390625,56.890708923339844,416.4642333984375,90.2068862915039,150.26589965820312,508.4442443847656,83.37393951416016,77.8388442993164,30.586164474487305,107.97402954101562
2024-04-02,167.0192108154297,88.17830657958984,180.69000244140625,153.10313415527344,147.10879516601562,188.6892852783203,56.39380645751953,413.39398193359375,89.2974624633789,150.2565155029297,505.2115783691406,82.9145278930664,76.85934448242188,30.637723922729492,110.08755493164062
2024-04-03,167.82046508789062,88.23292541503906,182.41000366210938,153.45974731445312,143.8724822998047,188.15792846679688,56.093788146972656,412.4228820800781,88.81031036376953,146.1204071044922,505.76641845703125,82.896484375,76.94173431396484,30.515844345092773,110.10601043701172
2024-04-04,166.9994354248047,88.44226837158203,180.0,149.111083984375,142.23098754882812,186.72634887695312,55.59688186645508,409.90191650390625,85.75658416748047,145.46533203125,499.593017578125,83.49108123779297,76.44741821289062,30.454912185668945,110.49364471435547
2024-04-05,167.75123596191406,88.00535583496094,185.07000732421875,151.0625457763672,142.12838745117188,188.44424438476562,55.79377365112305,417.3960266113281,87.8559799194336,146.0736083984375,504.8122253417969,82.32896423339844,76.84103393554688,30.543973922729492,112.01648712158203
2024-04-08,166.6334228515625,87.92343139648438,185.19000244140625,153.390380859375,141.38226318359375,189.42726135253906,55.568763732910156,416.48382568359375,86.98246765136719,146.0174560546875,505.0945129394531,82.31993103027344,77.66490936279297,30.74553680419922,111.25968170166016
2024-04-09,167.8402557373047,88.22379302978516,185.6699981689453,155.1239013671875,142.03514099121094,188.1579132080078,55.99066162109375,418.1415710449219,85.20653533935547,146.59767150878906,505.6788635253906,83.085693359375,78.69937133789062,30.914287567138672,111.84111785888672
2024-04-10,165.9706573486328,87.16789245605469,185.9499969482422,154.668212890625,140.0858612060547,186.5545654296875,55.2406120300293,415.1791687011719,86.88864135742188,147.14036560058594,500.615478515625,81.27494812011719,75.4404296875,30.38459587097168,112.78250122070312
2024-04-11,173.15234375,87.18610382080078,189.0500030517578,157.9074249267578,138.77081298828125,186.516357421875,55.36249923706055,419.7600402832031,90.4594497680664,145.83030700683594,504.3935241699219,80.90560913085938,75.69676208496094,30.32366371154785,112.40411376953125
2024-04-12,174.64605712890625,87.34993743896484,186.1300048828125,156.24322509765625,137.58633422851562,174.452880859375,54.64058303833008,413.8451843261719,88.03366088867188,145.35308837890625,497.43133544921875,81.33800506591797,74.79963684082031,30.093971252441406,111.09355163574219
2024-04-15,170.82769775390625,86.82198333740234,183.6199951171875,153.40028381347656,137.651611328125,174.54832458496094,54.50932312011719,405.7428894042969,85.8524398803711,145.46533203125,491.1994934082031,80.07685089111328,73.52719116210938,29.817405700683594,110.45672607421875
2024-04-16,167.55340576171875,86.57622528076172,183.32000732421875,152.94464111328125,134.7230682373047,172.55364990234375,54.434322357177734,406.6649169921875,87.26398468017578,145.93324279785156,490.3035583496094,79.5453109741211,72.49275970458984,29.423654556274414,109.54302215576172
2024-04-17,166.18826293945312,86.97674560546875,181.27999877929688,154.00454711914062,135.0215301513672,171.8665008544922,54.856224060058594,403.9772033691406,83.88983154296875,146.87838745117188,487.40185546875,80.42815399169922,71.9618148803711,30.0377197265625,109.48762512207031
2024-04-18,165.23861694335938,86.73095703125,179.22000122070312,154.53944396972656,135.92620849609375,172.98312377929688,55.23124313354492,396.5517272949219,84.52473449707031,148.13758850097656,486.3989562988281,80.02278137207031,71.97095489501953,30.20647430419922,109.3861083984375
2024-04-19,163.22061157226562,86.82198333740234,174.6300048828125,152.63755798339844,137.95005798339844,177.3256072998047,56.41255187988281,391.5000915527344,76.06836700439453,148.9381103515625,482.1534729003906,80.31105041503906,72.3188247680664,30.670534133911133,110.64130401611328
2024-04-22,164.0515594482422,86.8766098022461,177.22999572753906,154.80691528320312,139.0785675048828,180.77093505859375,56.768829345703125,393.3049621582031,79.38063049316406,151.19847106933594,486.5937194824219,80.17591857910156,72.95960235595703,30.95178985595703,111.26890563964844
2024-04-23,165.10011291503906,87.05864715576172,179.5399932861328,156.76824951171875,139.4889678955078,183.37643432617188,56.853206634521484,399.788818359375,82.28060913085938,152.1026153564453,492.367919921875,80.20294952392578,73.62789154052734,31.097103118896484,111.70267486572266
2024-04-24,167.197265625,86.83109283447266,176.58999633789062,157.63006591796875,138.52828979492188,184.27354431152344,57.70637893676758,401.2502746582031,79.53936004638672,153.13858032226562,492.1342468261719,79.6353988647461,73.76520538330078,31.284605026245117,111.72116088867188
2024-04-25,168.05789184570312,86.58533477783203,173.6699981689453,154.52955627441406,136.93344116210938,184.55032348632812,57.884521484375,391.421630859375,82.4892578125,153.0915069580078,490.2646484375,79.07686614990234,73.34410858154297,31.36898422241211,111.97956848144531
2024-04-26,167.47425842285156,86.7764892578125,179.6199951171875,170.32919311523438,136.29925537109375,184.6648712158203,57.884521484375,398.5625915527344,87.58344268798828,151.90481567382812,494.9093933105469,79.49128723144531,73.38072204589844,31.02678871154785,108.86927032470703
2024-04-29,171.62896728515625,87.04045104980469,180.9600067138672,164.58383178710938,136.93344116210938,184.4644317626953,58.16577911376953,394.5703125,87.60540771484375,152.25331115722656,496.662109375,80.15790557861328,74.13138580322266,31.44866371154785,110.41980743408203
2024-04-30,168.49314880371094,86.68545532226562,175.0,161.24563598632812,134.85362243652344,182.99468994140625,57.91264724731445,381.8969421386719,86.25275421142578,153.7036590576172,488.7943420410156,79.47325134277344,72.87724304199219,31.284605026245117,109.1553726196289
2024-05-01,167.47425842285156,86.99134063720703,179.0,162.31544494628906,140.99986267089844,183.1092071533203,58.06265640258789,387.39990234375,82.89753723144531,153.89205932617188,487.2071533203125,80.05905151367188,72.90469360351562,31.645545959472656,107.08800506591797
2024-05-02,171.16403198242188,87.38397216796875,184.72000122070312,165.0494384765625,139.82470703125,182.91830444335938,58.1189079284668,390.2445068359375,85.66874694824219,154.30645751953125,491.76422119140625,80.40258026123047,73.92998504638672,31.814300537109375,107.28182220458984
2024-05-03,181.40240478515625,87.83140563964844,186.2100067138672,165.66360473632812,139.2184600830078,181.8207550048828,58.28766632080078,398.8960876464844,88.63561248779297,154.89039611816406,497.85980224609375,81.2161865234375,74.42431640625,32.06742477416992,107.06033325195312
2024-05-06,179.7504425048828,87.8952865600586,188.6999969482422,166.51548767089844,138.574951171875,183.24278259277344,58.45642852783203,405.64483642578125,91.98081970214844,154.87155151367188,503.0010681152344,81.53260040283203,74.4883804321289,32.23149490356445,107.75252532958984
2024-05-07,180.43299865722656,88.07792663574219,188.75999450683594,169.6358184814453,138.70550537109375,183.00421142578125,58.709556579589844,401.52496337890625,90.39756774902344,156.11473083496094,503.5560607910156,82.02980041503906,75.19326782226562,32.597110748291016,107.21722412109375
2024-05-08,180.76931762695312,87.8952865600586,188.0,167.78343200683594,138.92001342773438,186.72634887695312,58.92519760131836,402.7021179199219,90.25582122802734,155.46487426757812,503.6048278808594,81.53260040283203,74.56163024902344,32.939308166503906,107.19876861572266
2024-05-09,182.57958984375,88.0596694946289,189.5,168.35797119140625,139.75942993164062,188.49197387695312,58.953330993652344,404.44805908203125,88.59368896484375,156.37841796875,506.50653076171875,81.93037414550781,76.09039306640625,33.44087219238281,109.31229400634766
2024-05-10,181.32156372070312,87.87706756591797,187.47999572753906,167.06031799316406,139.81539916992188,189.70404052734375,59.30959701538086,406.8218994140625,89.72274017333984,157.14129638671875,507.158935546875,81.46931457519531,75.87984466552734,33.40805435180664,108.86927032470703
2024-05-13,184.52105712890625,87.92271423339844,186.57000732421875,167.54568481445312,141.03717041015625,189.66586303710938,59.609615325927734,405.8213195800781,90.24283599853516,156.2183380126953,507.2270202636719,81.67723846435547,76.12699890136719,33.40805435180664,108.82312774658203
2024-05-14,185.66021728515625,88.16011047363281,187.07000732421875,168.73435974121094,141.1864013671875,192.319091796875,59.15958786010742,408.6070861816406,91.19818115234375,156.11473083496094,509.5543518066406,82.1382827758789,76.71288299560547,33.49712371826172,109.48373413085938
2024-05-15,187.9285888671875,88.74452209472656,185.99000549316406,170.8839111328125,142.3895263671875,192.89170837402344,59.187713623046875,415.75115966796875,94.4665298461914,156.82106018066406,515.8640747070312,83.25924682617188,77.77477264404297,33.998687744140625,110.33043670654297
2024-05-16,188.04745483398438,88.64405059814453,183.6300048828125,172.5381622314453,143.89111328125,193.23526000976562,59.365848541259766,413.6973876953125,94.19599151611328,158.092529296875,514.8027954101562,83.17788696289062,77.71985626220703,33.881492614746094,109.66981506347656
2024-05-17,188.07720947265625,88.36100769042969,184.6999969482422,174.4004669189453,144.22686767578125,195.44944763183594,59.09395980834961,412.930908203125,92.31924438476562,157.88534545898438,515.5428466796875,82.61738586425781,77.710693359375,33.90962219238281,111.31669616699219
2024-05-20,189.23614501953125,88.27883911132812,183.5399932861328,175.25234985351562,142.22425842285156,186.6595458984375,58.66268539428711,417.9720458984375,94.61626434326172,157.5745391845703,516.1367797851562,82.37333679199219,77.25298309326172,33.85336685180664,110.41415405273438
2024-05-21,190.5337677001953,88.44316864013672,183.14999389648438,176.17359924316406,142.196044921875,190.4198455810547,58.98145294189453,421.6079406738281,95.22122192382812,158.5540313720703,517.402587890625,82.79821014404297,77.22553253173828,34.15806579589844,109.65120697021484
2024-05-22,189.0974578857422,88.33360290527344,183.1300048828125,174.7174530029297,144.32090759277344,189.26499938964844,59.065834045410156,423.0622863769531,94.78597259521484,158.04542541503906,515.9127807617188,82.89764404296875,76.52979278564453,33.75493621826172,107.44609069824219
2024-05-23,185.1154022216797,88.0870590209961,181.0500030517578,171.91412353515625,140.74815368652344,187.93841552734375,58.21266555786133,419.6033020019531,103.61969757080078,155.86045837402344,512.1444702148438,82.36429595947266,74.88201904296875,33.18305969238281,105.6131362915039
2024-05-24,188.18614196777344,88.18750762939453,180.75,173.34054565429688,138.181396484375,191.55557250976562,58.128273010253906,422.70855712890625,106.28507995605469,155.70974731445312,515.5330810546875,82.60836029052734,74.93695831298828,33.515869140625,105.52940368652344
2024-05-28,188.19606018066406,87.776611328125,182.14999389648438,174.73724365234375,135.7462615966797,190.40074157714844,57.95951843261719,422.8657531738281,113.7042236328125,153.61892700195312,515.8932495117188,81.42408752441406,74.442626953125,33.48305892944336,106.86921691894531
2024-05-29,188.4932098388672,87.43875885009766,182.02000427246094,174.24192810058594,135.80267333984375,189.0741424560547,57.84701919555664,421.7357177734375,114.62664031982422,152.24386596679688,512.2807006835938,80.43875885009766,73.71942901611328,33.05180358886719,105.72477722167969
2024-05-30,189.48377990722656,87.84966278076172,179.32000732421875,170.4876708984375,136.5924530029297,190.23849487304688,58.100154876708984,407.48687744140625,110.30912017822266,153.11976623535156,508.8824768066406,81.2161865234375,74.79963684082031,33.49712371826172,106.05974578857422
2024-05-31,190.4346923828125,88.1327133178711,176.44000244140625,170.87403869628906,137.89932250976562,193.3879852294922,59.000205993652344,407.9389343261719,109.443603515625,154.96568298339844,513.5174560546875,81.76765441894531,76.20024108886719,34.08774948120117,109.10225677490234
2024-06-03,192.1978759765625,88.66580200195312,178.33999633789062,171.53768920898438,138.9053497314453,192.6149139404297,59.000205993652344,406.3567810058594,114.80133056640625,155.0692901611328,513.93603515625,83.09017944335938,76.02629852294922,33.69868469238281,106.48774719238281
2024-06-04,192.514892578125,88.98640441894531,179.33999633789062,172.15184020996094,138.9617462158203,190.0762481689453,59.94713592529297,408.8626403808594,116.23585510253906,157.2919921875,514.5106201171875,84.06077575683594,76.61219024658203,33.68461990356445,104.83158111572266
2024-06-05,194.0205078125,89.26119232177734,181.27999877929688,173.756591796875,137.24118041992188,188.26290893554688,59.92837905883789,416.66510009765625,122.2284927368164,156.38783264160156,520.6256713867188,84.6776123046875,76.52062225341797,33.492431640625,105.25028228759766
2024-06-06,192.64366149902344,89.2886734008789,185.0,175.06414794921875,137.66427612304688,187.92889404296875,60.14401626586914,417.1662902832031,120.78898620605469,158.66705322265625,520.6158447265625,84.55061340332031,76.66709899902344,33.14554977416992,106.04114532470703
2024-06-07,195.03089904785156,88.50094604492188,184.3000030517578,172.81553649902344,138.28480529785156,190.83021545410156,59.91900634765625,416.5079040527344,120.6791763305664,157.33908081054688,519.98291015625,82.99948120117188,75.94392395019531,32.78462219238281,104.90602111816406
2024-06-10,191.29649353027344,88.42765045166016,187.05999755859375,173.55929565429688,138.33180236816406,190.5057373046875,59.618988037109375,420.45819091796875,121.57960510253906,157.61219787597656,521.5897216796875,82.4461441040039,76.20024108886719,33.20649719238281,105.21305084228516
2024-06-11,205.1940155029297,88.72994232177734,187.22999572753906,175.15599060058594,137.9839324951172,185.49514770507812,59.581485748291016,425.1849060058594,120.7110595703125,157.73464965820312,522.845703125,83.29881286621094,75.92561340332031,33.00493240356445,104.36634826660156
2024-06-12,211.05813598632812,89.15128326416016,186.88999938964844,176.3162841796875,136.71469116210938,182.79425048828125,58.953330993652344,433.4197692871094,124.99397277832031,155.5684814453125,527.139892578125,83.92472839355469,76.60302734375,32.789302825927734,103.21263122558594
2024-06-13,212.21707153320312,89.60010528564453,183.8300018310547,173.7080841064453,136.75230407714844,184.8271026611328,59.05646514892578,433.9306945800781,129.396728515625,156.72689819335938,528.2013549804688,85.15838623046875,76.91426849365234,32.86430358886719,102.38455200195312
2024-06-14,210.48361206054688,89.69168853759766,183.66000366210938,175.3245849609375,136.83688354492188,184.94161987304688,59.098968505859375,434.9035949707031,131.66299438476562,157.08477783203125,528.522705078125,85.87496948242188,76.89596557617188,32.78462219238281,101.51925659179688
2024-06-17,214.62411499023438,89.37110137939453,184.05999755859375,175.77084350585938,137.22238159179688,186.08689880371094,59.16510772705078,440.60308837890625,130.76446533203125,157.7534637451172,532.7291259765625,85.0223159790039,76.5938720703125,32.423675537109375,100.82142639160156
2024-06-18,212.2666015625,89.69168853759766,182.80999755859375,173.63865661621094,136.9403076171875,188.01480102539062,59.174560546875,438.6082763671875,135.35690307617188,158.7517852783203,534.0825805664062,85.80242919921875,76.89596557617188,32.437740325927734,101.77045440673828
2024-06-20,207.70010375976562,89.53599548339844,186.10000610351562,174.83863830566406,138.94296264648438,189.6085968017578,58.7493896484375,437.9793701171875,130.56480407714844,157.91357421875,532.6318359375,85.23095703125,76.67626953125,32.718994140625,103.96627044677734
2024-06-21,205.5308074951172,89.5451431274414,189.0800018310547,178.14102172851562,139.85494995117188,187.34671020507812,59.30683135986328,441.9886474609375,126.36172485351562,158.46923828125,531.9177856445312,85.23095703125,76.86849975585938,32.52679443359375,103.0544662475586
2024-06-24,206.17465209960938,89.61841583251953,185.57000732421875,177.7344207763672,140.2028045654297,189.8090057373047,60.440635681152344,439.915283203125,117.91564178466797,158.64820861816406,530.1886596679688,85.57563018798828,77.4635238647461,32.954444885253906,106.11558532714844
2024-06-25,207.0958709716797,89.6092758178711,186.33999633789062,182.5045623779297,138.3882598876953,189.03598022460938,60.31780242919922,443.13836669921875,125.88251495361328,157.14129638671875,532.2302856445312,85.72077178955078,76.5114974975586,32.64257049560547,106.41332244873047
2024-06-26,211.23641967773438,89.20623016357422,193.61000061035156,182.3557891845703,138.04034423828125,188.42515563964844,60.51622009277344,444.3274841308594,126.1920166015625,157.7063751220703,532.8945922851562,84.49618530273438,76.27346801757812,32.50553894042969,106.4505386352539
2024-06-27,212.0784149169922,89.35279083251953,197.85000610351562,183.8731231689453,137.0813446044922,190.08578491210938,60.383941650390625,445.0055236816406,123.78597259521484,156.92465209960938,533.7346801757812,84.83179473876953,77.01496887207031,32.5622444152832,106.90644836425781
2024-06-28,208.6312255859375,88.91311645507812,193.25,180.64013671875,137.41983032226562,193.0348358154297,60.13828659057617,439.2077331542969,123.33672332763672,155.3236083984375,531.6343994140625,83.25346374511719,77.62944793701172,32.19839096069336,107.11113739013672
2024-07-01,214.703369140625,88.43623352050781,197.1999969482422,181.47317504882812,137.68307495117188,196.07936096191406,59.788700103759766,448.8182678222656,124.09546661376953,153.25160217285156,532.728515625,81.81660461425781,76.89727783203125,31.976303100585938,106.96227264404297
2024-07-02,218.19012451171875,88.73027801513672,200.0,183.70452880859375,137.297607421875,199.30517578125,59.665870666503906,451.3241271972656,122.46814727783203,154.3629608154297,536.3136596679688,82.45358276367188,77.25872039794922,32.14168167114258,106.23653411865234
2024-07-03,219.4580535888672,89.20806884765625,197.58999633789062,184.2797088623047,136.97793579101562,199.1715850830078,59.835941314697266,452.78826904296875,128.06890869140625,154.29702758789062,538.7070922851562,83.53646850585938,77.18457794189453,32.33543395996094,106.77619171142578
2024-07-05,224.20278930664062,89.65827941894531,200.0,189.02008056640625,137.720703125,196.53245544433594,60.242210388183594,459.46063232421875,125.6229476928711,155.59674072265625,541.8134765625,84.2280502319336,77.39775085449219,32.39213180541992,105.48287963867188
2024-07-08,225.66885375976562,89.68585968017578,199.2899932861328,187.46310424804688,136.78048706054688,196.89712524414062,59.486351013183594,458.1635437011719,127.9890365600586,156.8304901123047,542.4386596679688,84.41007232666016,77.6479721069336,32.42521286010742,104.37567138671875
2024-07-09,226.52072143554688,89.6031494140625,199.33999633789062,187.41354370117188,138.25660705566406,199.2579345703125,59.23124313354492,451.5796203613281,131.16383361816406,156.02056884765625,542.9661254882812,84.0369644165039,77.62944793701172,32.51971435546875,103.22193908691406
2024-07-10,230.78013610839844,89.6950454711914,199.7899932861328,189.59527587890625,140.4942626953125,199.42111206054688,59.363521575927734,458.17340087890625,134.6880340576172,157.09420776367188,548.3388671875,84.30084991455078,78.20406341552734,32.82685852050781,104.13375854492188
2024-07-11,225.4212188720703,90.15445709228516,195.0500030517578,184.03179931640625,140.74815368652344,199.085205078125,59.618629455566406,446.82342529296875,127.19036102294922,155.90753173828125,543.61083984375,85.11982727050781,80.44694519042969,33.426979064941406,105.37123107910156
2024-07-12,228.36314392089844,90.40252685546875,194.49000549316406,183.53594970703125,140.91737365722656,196.67642211914062,60.18552017211914,445.6933898925781,129.02734375,156.91526794433594,547.0397338867188,85.48385620117188,81.05863189697266,33.67269515991211,105.38983917236328
2024-07-15,232.1867218017578,90.09013366699219,192.72000122070312,184.98382568359375,140.315673828125,201.58038330078125,59.91152572631836,446.09625244140625,128.2286376953125,155.00340270996094,548.5440673828125,84.50105285644531,81.60545349121094,32.85520935058594,107.19487762451172
2024-07-16,232.6027374267578,90.4576416015625,193.02000427246094,182.3954620361328,141.9797821044922,205.0064239501953,60.72407531738281,441.7331848144531,126.1520767211914,157.23548889160156,551.797119140625,85.69312286376953,82.60639190673828,33.110382080078125,107.96712493896484
2024-07-17,226.71885681152344,90.5219955444336,187.92999267578125,179.51951599121094,147.2167205810547,208.12538146972656,61.61220932006836,435.8371276855469,117.79584503173828,159.5806121826172,544.0601806640625,85.7113265991211,83.1717529296875,33.12928009033203,109.45582580566406
2024-07-18,222.06320190429688,90.27388763427734,183.75,176.2170867919922,146.12606811523438,201.51319885253906,61.593318939208984,432.7417297363281,120.89073181152344,158.63876342773438,539.8792114257812,85.05615234375,82.43956756591797,33.10093307495117,110.53512573242188
2024-07-19,222.19198608398438,90.09013366699219,183.1300048828125,176.18736267089844,145.43971252441406,201.32127380371094,61.687801361083984,429.53814697265625,117.7359619140625,159.13809204101562,536.2941284179688,84.5556411743164,82.2912826538086,33.138729095458984,107.99505615234375
2024-07-22,221.84530639648438,90.05337524414062,182.5500030517578,180.16412353515625,145.01666259765625,201.80108642578125,61.19648742675781,435.2671813964844,123.33672332763672,159.41285705566406,541.8231811523438,84.30997467041016,83.14395141601562,33.41752624511719,107.25070190429688
2024-07-23,222.8853759765625,90.0442123413086,186.41000366210938,180.28311157226562,143.23968505859375,201.84909057617188,61.37601089477539,437.1440734863281,122.38827514648438,157.8684539794922,540.973388671875,84.19165802001953,83.0790786743164,33.20960998535156,105.52009582519531
2024-07-24,216.47645568847656,89.76854705810547,180.8300018310547,171.1990509033203,146.93467712402344,200.17922973632812,62.179107666015625,421.4704284667969,114.06200408935547,159.17599487304688,528.7135620117188,83.28168487548828,81.85568237304688,33.582916259765625,107.00879669189453
2024-07-25,215.4364013671875,90.01663208007812,179.85000610351562,165.8933868408203,150.09373474121094,200.25599670410156,62.424766540527344,411.15228271484375,112.09525299072266,158.13377380371094,525.9588012695312,83.96416473388672,81.58690643310547,33.30411911010742,109.26043701171875
2024-07-26,215.90194702148438,90.33821105957031,182.5,165.61573791503906,151.033935546875,203.68206787109375,63.350704193115234,417.9032287597656,112.87396240234375,160.22769165039062,531.8492431640625,84.61935424804688,83.01419830322266,33.63016128540039,109.16738891601562
2024-07-29,216.17930603027344,90.4852294921875,183.1999969482422,168.12474060058594,149.07830810546875,202.34811401367188,63.14283752441406,419.3380126953125,111.4063720703125,161.004638671875,532.161865234375,85.0743408203125,83.44052124023438,33.78137969970703,108.02294921875
2024-07-30,216.73403930664062,90.57711029052734,181.7100067138672,168.87841796875,151.6826629638672,206.51312255859375,63.94594192504883,415.5939636230469,103.5593032836914,153.2069091796875,529.4657592773438,85.40194702148438,84.08931732177734,33.956214904785156,109.94894409179688
2024-07-31,219.98304748535156,91.06409454345703,186.97999572753906,170.11810302734375,148.41078186035156,204.219482421875,63.05780792236328,411.1031494140625,116.82743072509766,152.31626892089844,538.0719604492188,86.2755126953125,83.79271697998047,34.39566421508789,110.3397216796875
2024-08-01,216.2981719970703,91.44563293457031,184.07000732421875,169.34454345703125,151.14675903320312,199.57464599609375,64.21049499511719,409.88458251953125,109.03028106689453,156.98733520507812,530.4524536132812,87.01964569091797,84.63611602783203,35.01468276977539,108.8138198852539
2024-08-02,217.78399658203125,92.46865844726562,167.89999389648438,165.27853393554688,154.32464599609375,191.1103057861328,65.5049057006836,401.4139099121094,107.0934829711914,161.14674377441406,520.5762329101562,89.73130798339844,84.58975982666016,35.07139205932617,108.74869537353516
2024-08-05,207.29400634765625,92.39494323730469,161.02000427246094,157.9299774169922,151.60745239257812,187.04122924804688,64.34276580810547,388.3049621582031,100.28471374511719,159.2328338623047,505.4151306152344,90.20606231689453,82.17080688476562,34.145225524902344,106.7854995727539
2024-08-06,205.2732696533203,91.84194946289062,161.92999267578125,156.97793579101562,149.4637908935547,192.26190185546875,64.2955322265625,392.6877136230469,104.07846069335938,159.26126098632812,510.07476806640625,88.18829345703125,83.79271697998047,34.433475494384766,106.21794128417969
2024-08-07,207.8388214111328,91.56546020507812,162.77000427246094,157.62252807617188,149.39796447753906,192.31947326660156,64.68291473388672,391.5281982421875,98.74723815917969,161.0898895263672,506.6654357910156,87.56742095947266,83.21809387207031,34.62720489501953,107.6321792602539
2024-08-08,211.29586791992188,91.42720031738281,165.8000030517578,160.68692016601562,150.6390838623047,195.83187866210938,64.93800354003906,395.71441650390625,104.7972640991211,161.895263671875,518.3782958984375,87.02874755859375,84.03369140625,34.66501235961914,109.68842315673828
2024-08-09,214.1981964111328,91.74977111816406,166.94000244140625,162.31332397460938,151.01515197753906,197.50177001953125,64.89077758789062,398.9866943359375,104.57763671875,161.5825958251953,520.6641235351562,87.88700866699219,84.42294311523438,34.78314208984375,110.58163452148438
2024-08-12,215.7254180908203,91.9064712524414,166.8000030517578,160.94476318359375,150.3193817138672,197.8760223388672,64.40889739990234,399.7630310058594,108.84060668945312,158.04849243164062,520.9376831054688,88.20653533935547,83.80198669433594,34.844573974609375,110.72120666503906
2024-08-13,219.4344024658203,92.27513122558594,170.22999572753906,162.79925537109375,148.91848754882812,199.55543518066406,64.68291473388672,406.83831787109375,115.94889068603516,158.50328063964844,529.5047607421875,88.8182601928711,84.53416442871094,35.047760009765625,109.6605224609375
2024-08-14,219.8806610107422,92.44100952148438,170.10000610351562,159.0406494140625,149.00308227539062,201.76272583007812,64.79629516601562,409.6389465332031,117.88569641113281,159.93397521972656,531.1752319335938,89.37520599365234,84.75660705566406,35.02413558959961,110.67469024658203
2024-08-15,222.8557891845703,92.05391693115234,177.58999633789062,159.96295166015625,149.57662963867188,203.0198974609375,64.8624267578125,414.482421875,122.6578369140625,159.10018920898438,540.27978515625,88.65392303466797,84.69172668457031,35.019412994384766,111.35935974121094
2024-08-16,224.1747283935547,92.27513122558594,177.05999755859375,161.6092071533203,149.8586883544922,205.34231567382812,65.3631820678711,411.9622497558594,124.375,159.07177734375,541.4910888671875,88.96435546875,84.64537811279297,35.175350189208984,110.83412170410156
2024-08-19,224.0160675048828,92.37649536132812,178.22000122070312,165.2884521484375,150.08432006835938,206.76263427734375,65.17422485351562,414.9746398925781,129.7860870361328,159.57394409179688,546.6685180664062,89.37520599365234,85.3497543334961,35.406890869140625,111.17178344726562
2024-08-20,224.6309051513672,92.65299224853516,178.8800048828125,165.79421997070312,150.5826416015625,205.87013244628906,65.55213165283203,418.1937561035156,127.04061889648438,161.4594268798828,545.7794799804688,90.08734893798828,85.247802734375,35.3312873840332,107.46700286865234
2024-08-21,224.52182006835938,92.828125,180.11000061035156,164.4752960205078,151.77671813964844,205.9468994140625,65.73167419433594,417.5440673828125,128.28855895996094,161.2225341796875,547.6552124023438,90.14214324951172,85.70195007324219,35.58172607421875,106.7823257446289
2024-08-22,222.66734313964844,92.45022583007812,176.1300048828125,162.44224548339844,152.64169311523438,207.89505004882812,65.5049057006836,409.0876159667969,123.53638458251953,161.21304321289062,543.35693359375,89.24739074707031,85.9521713256836,35.53919982910156,107.60767364501953
2024-08-23,224.9581756591797,92.87420654296875,177.0399932861328,164.24716186523438,154.3152618408203,209.50730895996094,65.93952178955078,410.3083801269531,129.1571044921875,160.28453063964844,549.130126953125,89.83172607421875,87.84286499023438,35.638427734375,109.09896850585938
2024-08-26,225.29534912109375,92.79125213623047,175.5,164.78269958496094,154.76654052734375,210.33265686035156,66.93159484863281,407.0596923828125,126.25190734863281,161.40257263183594,547.8212280273438,89.60346221923828,87.80580139160156,35.869972229003906,111.43440246582031
2024-08-27,226.1383056640625,92.81890869140625,173.1199951171875,163.31494140625,154.36866760253906,211.30191040039062,67.55519104003906,407.4042663574219,128.08889770507812,160.3603515625,548.5734252929688,89.4482421875,87.93553924560547,35.586448669433594,110.37454986572266
2024-08-28,224.61109924316406,92.73595428466797,170.8000030517578,161.50010681152344,155.28756713867188,212.3671417236328,67.7913818359375,404.2146301269531,125.40331268310547,160.1803436279297,545.3887939453125,89.33868408203125,87.59263610839844,35.586448669433594,109.28656005859375
2024-08-29,227.8837127685547,92.61610412597656,172.1199951171875,160.43896484375,155.5812530517578,213.25006103515625,68.07484436035156,406.6954650878906,117.3965072631836,161.09938049316406,545.4375610351562,89.04654693603516,87.32386016845703,35.78019332885742,110.7966079711914
2024-08-30,227.1002655029297,92.39494323730469,178.5,162.02574157714844,157.1254119873047,215.73562622070312,68.4716567993164,410.6529541015625,119.173583984375,162.530029296875,550.6443481445312,88.09699249267578,88.1672592163086,36.04953384399414,110.61841583251953
2024-09-03,220.92196655273438,92.7850570678711,176.25,156.0556182861328,158.35694885253906,211.4170684814453,68.98187255859375,403.0726623535156,107.8222885131836,165.35354614257812,539.3126831054688,89.537841796875,88.12091064453125,35.99755859375,108.3017349243164
2024-09-04,219.01788330078125,93.1918716430664,173.3300018310547,155.15318298339844,158.5464324951172,210.4861602783203,68.55670166015625,402.541015625,106.03523254394531,166.6610565185547,538.2088012695312,90.69198608398438,88.37114715576172,36.30470275878906,106.9792709350586
2024-09-05,220.53518676757812,93.4322509765625,177.88999938964844,155.93661499023438,156.3012237548828,208.85475158691406,67.24339294433594,402.03900146484375,107.0335922241211,166.253662109375,536.899658203125,91.20492553710938,88.0838394165039,36.214927673339844,106.14453887939453
2024-09-06,218.98814392089844,93.55244445800781,171.38999938964844,149.6689910888672,155.72335815429688,203.89320373535156,67.21504974365234,395.4530334472656,102.66079711914062,166.3673553466797,527.8636474609375,91.19577026367188,88.00041961669922,35.869972229003906,105.64743041992188
2024-09-09,219.0773468017578,93.69111633300781,175.39999389648438,147.67303466796875,157.83592224121094,208.06777954101562,67.8858642578125,399.4105224609375,106.2947998046875,166.81265258789062,533.773681640625,91.58965301513672,88.98284149169922,36.233821868896484,107.87030792236328
2024-09-10,218.28402709960938,93.97771453857422,179.5500030517578,147.6233673095703,158.56536865234375,197.27142333984375,67.60242462158203,407.7586364746094,107.92211151123047,168.4517822265625,536.0986328125,92.23082733154297,90.27110290527344,36.4039306640625,103.94039916992188
2024-09-11,220.8128662109375,93.94999694824219,184.52000427246094,150.10592651367188,156.1401824951172,198.8740692138672,67.15836334228516,416.4611511230469,116.71763610839844,164.78506469726562,541.5985107421875,92.15755462646484,90.09500885009766,36.51734161376953,102.90869903564453
2024-09-12,220.92196655273438,93.86677551269531,187.0,153.61131286621094,155.9696502685547,198.2694854736328,67.30008697509766,420.3595886230469,118.95413970947266,164.35870361328125,546.1605224609375,91.72705841064453,90.47500610351562,36.5976676940918,104.32495880126953
2024-09-13,220.65420532226562,94.0609359741211,186.49000549316406,156.3620147705078,156.8032989501953,196.0814208984375,67.93270111083984,423.89373779296875,118.9141845703125,164.93667602539062,549.0130004882812,91.97437286376953,91.42034912109375,37.11273193359375,104.24993133544922
2024-09-16,214.5254669189453,94.28280639648438,184.88999938964844,156.95782470703125,158.19589233398438,199.47866821289062,68.58910369873047,424.6320495605469,116.59780883789062,167.93067932128906,549.82373046875,92.81708526611328,91.72618865966797,37.3962516784668,105.71308135986328
2024-09-17,214.9915313720703,94.19034576416016,186.8800048828125,158.20901489257812,158.27169799804688,200.8126220703125,68.3037109375,428.3828125,115.40967559814453,166.64212036132812,550.0484619140625,92.36824035644531,91.08670043945312,37.36790084838867,107.09182739257812
2024-09-18,218.85919189453125,93.89450073242188,186.42999267578125,158.69561767578125,157.40011596679688,199.16200256347656,68.25614166259766,424.1103515625,113.19313049316406,164.78506469726562,548.4171142578125,91.22325134277344,90.9754867553711,37.08438491821289,107.46700286865234
2024-09-19,226.97132873535156,93.90375518798828,189.8699951171875,161.00936889648438,156.1401824951172,201.9930419921875,67.1811752319336,431.8677978515625,117.68611145019531,162.530029296875,557.7755126953125,90.92097473144531,90.99401092529297,36.86701965332031,108.79884338378906
2024-09-20,226.306884765625,93.82054901123047,191.60000610351562,162.44924926757812,155.51492309570312,202.57843017578125,68.1514892578125,428.5010070800781,115.81903076171875,165.06932067871094,556.8114013671875,90.57290649414062,90.63256072998047,37.84043502807617,108.1141586303711
2024-09-23,224.5912322998047,93.7835693359375,193.8800048828125,160.72140502929688,154.62445068359375,202.91432189941406,68.23712158203125,426.768310546875,116.07862854003906,164.6429443359375,558.2026977539062,90.38053131103516,91.53156280517578,38.21579360961914,110.07441711425781
2024-09-24,225.48379516601562,93.91299438476562,193.9600067138672,161.1583251953125,154.2075958251953,203.0582733154297,67.8565902709961,422.4958801269531,120.68143463134766,164.14077758789062,559.7999877929688,90.36223602294922,91.66132354736328,37.94462585449219,109.78366088867188
2024-09-25,224.49208068847656,93.55244445800781,192.52999877929688,160.36390686035156,152.1424102783203,201.7147216796875,67.97074890136719,425.39007568359375,123.31731414794922,163.21224975585938,558.5653076171875,89.61112213134766,91.04962158203125,38.14442825317383,107.64520263671875
2024-09-26,225.63255310058594,93.57090759277344,191.16000366210938,161.5952606201172,152.89080810546875,201.32127380371094,67.92318725585938,424.6025390625,123.84648132324219,164.1123504638672,560.77978515625,89.82177734375,90.22476196289062,37.88277816772461,105.79749298095703
2024-09-27,225.90029907226562,93.83905029296875,187.97000122070312,162.80674743652344,152.9002685546875,202.01223754882812,68.29420471191406,421.3636779785156,121.21060180664062,164.43447875976562,559.9664916992188,90.2889404296875,90.33973693847656,38.258602142333984,108.63002014160156
2024-09-30,231.0670928955078,93.62641143798828,186.3300018310547,164.69354248046875,153.52552795410156,202.3577117919922,68.36078643798828,423.6082763671875,121.25054931640625,164.10287475585938,562.21044921875,89.85842895507812,91.0500259399414,38.42987060546875,109.943115234375
2024-10-01,224.33343505859375,93.87398529052734,185.1300048828125,165.82554626464844,153.45919799804688,198.69171142578125,68.21808624267578,414.1476745605469,116.81746673583984,163.95127868652344,557.1739501953125,90.50720977783203,90.46121978759766,38.739097595214844,112.48487854003906
2024-10-02,224.89869689941406,93.67925262451172,184.75999450683594,164.70343017578125,152.68240356445312,198.9316864013672,67.55217742919922,410.6430969238281,118.6645736694336,162.89010620117188,557.4089965820312,89.74449157714844,90.1434555053711,38.75813293457031,113.97615814208984
2024-10-03,223.7978973388672,93.2990493774414,181.9600067138672,164.70343017578125,152.04766845703125,196.9547119140625,67.0860366821289,410.0622253417969,122.65834045410156,161.1846466064453,556.3899536132812,88.89905548095703,89.32099151611328,38.743858337402344,114.9703598022461
2024-10-04,224.91851806640625,92.69629669189453,186.50999450683594,165.89505004882812,151.84873962402344,203.94537353515625,66.7530746459961,409.5896911621094,124.72510528564453,160.00979614257812,561.4461669921875,87.80549621582031,88.89107513427734,38.6820068359375,117.08069610595703
2024-10-07,219.85089111328125,92.38098907470703,180.8000030517578,161.84352111816406,151.12876892089844,203.6653289794922,65.64957427978516,403.171142578125,127.52074432373047,158.3422088623047,556.3703002929688,87.14385986328125,88.10600280761719,37.792388916015625,117.58717346191406
2024-10-08,223.8970489501953,92.53862762451172,182.72000122070312,163.23373413085938,151.28033447265625,203.4915313720703,65.81129455566406,408.26068115234375,132.68267822265625,159.32760620117188,561.6322631835938,87.29088592529297,88.28357696533203,37.81141662597656,114.46389770507812
2024-10-09,227.63577270507812,92.29753875732422,185.1699981689453,160.7313232421875,152.1897735595703,206.06961059570312,66.18228912353516,410.9679260253906,132.44305419921875,160.37930297851562,565.5224609375,86.7946548461914,88.37703704833984,37.4879150390625,114.51078033447266
2024-10-10,227.13992309570312,92.24189758300781,186.64999389648438,160.94976806640625,152.05714416503906,205.50958251953125,65.87787628173828,409.3731689453125,134.5996856689453,160.0760955810547,564.5327758789062,86.45466613769531,87.59195709228516,37.373741149902344,115.49560546875
2024-10-11,225.66229248046875,92.26969909667969,188.82000732421875,162.10171508789062,152.95712280273438,214.63412475585938,66.18228912353516,409.8456726074219,134.58970642089844,162.10369873046875,567.9132690429688,86.1054458618164,88.58264923095703,37.70199203491211,115.93643188476562
2024-10-14,229.3811798095703,92.18624877929688,187.5399932861328,163.80972290039062,153.08975219726562,213.85202026367188,66.91478729248047,412.621826171875,137.85459899902344,163.44912719726562,572.5578002929688,86.16976928710938,89.11537170410156,38.177734375,116.37725067138672
2024-10-15,231.9100341796875,92.55719757080078,187.69000244140625,164.30621337890625,155.45809936523438,214.73065185546875,66.91478729248047,412.22802734375,131.3946990966797,164.4534454345703,568.1091918945312,87.21737670898438,90.19019317626953,38.3489990234375,112.87879180908203
2024-10-16,229.85719299316406,92.677734375,186.88999938964844,164.00830078125,155.62863159179688,215.93760681152344,67.13359832763672,409.6488037109375,135.50827026367188,163.325927734375,570.57861328125,87.58496856689453,91.18087005615234,39.110172271728516,113.1695556640625
2024-10-17,230.22410583496094,92.22332000732422,187.52999877929688,161.79383850097656,155.80860900878906,216.69073486328125,66.49622344970703,410.2394714355469,136.71636962890625,163.23118591308594,570.62744140625,86.19733428955078,90.46121978759766,38.76288986206055,112.87879180908203
2024-10-18,233.0504608154297,92.28826141357422,188.99000549316406,162.2804412841797,156.4243621826172,217.60804748535156,67.00993347167969,411.6570739746094,137.7847137451172,163.2378692626953,572.8224487304688,86.26167297363281,91.13414764404297,38.986480712890625,112.55990600585938
2024-10-21,234.5181884765625,91.64839172363281,189.07000732421875,162.92591857910156,154.2549591064453,215.3196563720703,66.06813049316406,412.2674255371094,143.48580932617188,161.5795440673828,571.8817138671875,84.75458526611328,89.34902954101562,38.83424758911133,112.62555694580078
2024-10-22,233.90335083007812,91.66693115234375,189.6999969482422,163.9884490966797,154.84234619140625,216.4010772705078,66.06813049316406,420.8616638183594,143.36599731445312,161.7320556640625,571.5779418945312,84.8372802734375,89.4798812866211,38.69628143310547,113.20706939697266
2024-10-23,228.8456573486328,91.43509674072266,184.7100067138672,161.64488220214844,157.1254119873047,215.7155303955078,64.6982650756836,417.99688720703125,139.34226989746094,161.61767578125,566.3551635742188,84.6075668334961,90.13410949707031,39.067359924316406,112.80377197265625
2024-10-24,228.65725708007812,91.61129760742188,186.3800048828125,161.5853271484375,155.05072021484375,217.23146057128906,64.02283477783203,418.1248779296875,140.19094848632812,161.6558074951172,567.5802001953125,85.1497573852539,90.33038330078125,38.81521224975586,112.16597747802734
2024-10-25,229.49026489257812,91.42584228515625,187.8300018310547,164.11753845214844,152.4076690673828,214.65341186523438,63.66133117675781,421.49163818359375,141.31918334960938,160.321533203125,567.3841552734375,84.67190551757812,89.4798812866211,38.23957824707031,112.07218170166016
2024-10-28,231.46376037597656,91.27745819091797,188.38999938964844,165.5574493408203,153.08975219726562,217.73353576660156,63.42350769042969,419.9559631347656,140.30078125,161.35084533691406,569.1381225585938,84.44215393066406,89.76026153564453,38.53929138183594,111.51882934570312
2024-10-29,231.73150634765625,91.3794937133789,190.8300018310547,168.4967803955078,151.65927124023438,215.22308349609375,62.3675537109375,425.2326354980469,141.02963256835938,159.32086181640625,570.0592651367188,84.57080841064453,89.11537170410156,37.716270446777344,109.99937438964844
2024-10-30,228.19113159179688,91.28672790527344,192.72999572753906,173.24343872070312,152.15188598632812,216.6810760498047,62.71002197265625,425.8036193847656,139.12261962890625,158.3582763671875,568.3345947265625,84.81892395019531,89.50791931152344,37.625877380371094,109.44600677490234
2024-10-31,224.03590393066406,91.26818084716797,186.39999389648438,169.91683959960938,151.44137573242188,214.27682495117188,62.12973403930664,400.0307312011719,132.55287170410156,157.42428588867188,557.1934814453125,84.95674896240234,87.99383544921875,38.01598358154297,109.5304183959961
2024-11-01,221.060791015625,90.90538787841797,197.92999267578125,170.09556579589844,151.6971435546875,215.26173400878906,61.84434509277344,403.98822021484375,135.18875122070312,157.3480224609375,559.545166015625,83.7590103149414,87.02184295654297,37.16917037963867,107.81402587890625
2024-11-04,220.16824340820312,91.28678131103516,195.77999877929688,168.05984497070312,149.9066925048828,212.21055603027344,61.93947982788086,402.10791015625,135.8377685546875,157.32896423339844,558.3399658203125,85.05912017822266,87.97514343261719,36.726741790771484,111.24681091308594
2024-11-05,221.59629821777344,91.50074768066406,199.5,168.55638122558594,150.0109100341797,213.86167907714844,62.18681335449219,405.0612487792969,139.6917266845703,157.97705078125,565.09130859375,85.51091766357422,89.14342498779297,37.27859115600586,111.57508850097656
2024-11-06,220.8723602294922,90.7844467163086,207.08999633789062,175.2791748046875,149.56565856933594,238.55101013183594,60.59813690185547,413.64569091796875,145.38284301757812,153.48818969726562,579.142578125,83.16890716552734,87.24616241455078,36.89324951171875,113.48844909667969
2024-11-07,225.59286499023438,91.47286224365234,210.0500030517578,179.48959350585938,148.47621154785156,228.2388458251953,60.560081481933594,418.81396484375,148.64773559570312,155.73739624023438,583.6206665039062,84.21082305908203,88.29291534423828,36.95985412597656,113.62913513183594
2024-11-08,225.3248291015625,91.63099670410156,208.17999267578125,177.1063232421875,147.28257751464844,228.8181610107422,60.80742263793945,415.968994140625,147.39967346191406,159.83551025390625,586.1487426757812,85.28038024902344,89.6107177734375,37.66869354248047,113.59160614013672
2024-11-11,222.61448669433594,91.42632293701172,206.83999633789062,179.09239196777344,146.87521362304688,231.04859924316406,60.27469253540039,411.5093994140625,145.0333709716797,158.234375,586.707275390625,84.86548614501953,89.16211700439453,37.77336120605469,112.99134826660156
2024-11-12,222.61448669433594,90.89608001708984,208.91000366210938,180.353515625,144.60162353515625,231.30931091308594,60.12248611450195,416.45135498046875,148.05862426757812,158.05328369140625,584.8845825195312,83.59304809570312,87.92842102050781,37.34043884277344,112.87879180908203
2024-11-13,223.49806213378906,90.87747192382812,214.10000610351562,177.6326446533203,145.17002868652344,232.85421752929688,59.93222427368164,418.5875549316406,146.0417938232422,158.758544921875,585.1688232421875,82.80008697509766,88.41442108154297,37.273834228515625,113.92927551269531
2024-11-14,226.57574462890625,90.84026336669922,211.47999572753906,174.3556365966797,143.8721466064453,233.5397491455078,59.50413131713867,420.2513122558594,146.5310516357422,159.2350616455078,581.406005859375,83.27955627441406,87.62001037597656,37.1453857421875,114.00492095947266
2024-11-15,223.3789520263672,90.84956359863281,202.61000061035156,171.28721618652344,145.88999938964844,236.86126708984375,58.73357391357422,408.54620361328125,141.75848388671875,161.5795440673828,573.9591064453125,83.05828094482422,87.66673278808594,37.70199203491211,112.82289123535156
2024-11-18,226.37718200683594,90.93328857421875,201.6999969482422,174.0775909423828,146.6194305419922,236.59092712402344,58.84772872924805,409.29443359375,139.93133544921875,162.73275756835938,576.310791015625,83.20578002929688,88.3022689819336,38.03025436401367,113.76851654052734
2024-11-19,226.6352996826172,91.06352233886719,204.61000061035156,176.8779296875,144.94264221191406,234.71771240234375,59.54218292236328,411.2928161621094,146.78065490722656,162.7422637939453,578.41748046875,83.62993621826172,88.73219299316406,38.27287673950195,112.17986297607422
2024-11-20,227.35011291503906,90.97049713134766,202.8800048828125,174.75286865234375,145.04684448242188,232.4873046875,59.92271423339844,409.028564453125,145.6623992919922,162.8661651611328,578.6135864257812,83.362548828125,88.62004089355469,38.29190444946289,113.77796936035156
2024-11-21,226.87356567382812,90.92399597167969,198.3800048828125,166.4611053466797,147.3109893798828,236.33021545410156,60.65521240234375,407.26287841796875,146.44119262695312,164.63885498046875,581.7196655273438,83.2979965209961,89.2742691040039,38.95793533325195,115.3004379272461
2024-11-22,228.21383666992188,90.98908996582031,197.1199951171875,163.61109924316406,146.9983673095703,239.98968505859375,60.80742263793945,411.33685302734375,141.7285614013672,168.0030975341797,583.5225830078125,83.34410095214844,89.94718170166016,38.74860763549805,115.16804504394531
2024-11-25,231.19223022460938,91.8077392578125,201.4499969482422,166.48094177246094,147.5762481689453,241.6697540283203,61.24502182006836,413.10247802734375,135.80780029296875,169.0609588623047,585.501953125,85.501708984375,91.19956970214844,38.81997299194336,113.4469985961914
2024-11-26,233.366455078125,91.668212890625,207.86000061035156,167.94068908691406,147.55714416503906,241.36077880859375,61.40674591064453,422.17755126953125,136.7063751220703,170.8908233642578,588.5592041015625,85.1697769165039,91.56407165527344,39.43843078613281,111.55574035644531
2024-11-27,233.2373809814453,91.91938018798828,205.74000549316406,168.04994201660156,148.3975067138672,241.1869659423828,61.29258346557617,417.2455139160156,135.12884521484375,170.9384765625,586.7757568359375,85.7598648071289,92.15287017822266,39.43843078613281,111.26260375976562
2024-11-29,235.62010192871094,92.28218841552734,207.88999938964844,167.77188110351562,148.02505493164062,241.119384765625,61.42198944091797,417.70904541015625,138.03433227539062,170.8431854248047,590.4208984375,86.64502716064453,91.74164581298828,39.452701568603516,111.54629516601562
2024-12-02,237.86383056640625,92.29337310791016,210.7100067138672,170.294189453125,147.8245391845703,237.7688751220703,61.00982666015625,425.12701416015625,138.41372680664062,171.2625274658203,591.4791259765625,86.85321807861328,90.40515899658203,38.60589599609375,111.44226837158203
2024-12-03,240.90174865722656,92.11605834960938,213.44000244140625,170.1452178955078,145.49447631835938,236.38815307617188,60.88521194458008,425.3439636230469,140.04119873046875,167.18345642089844,591.7534790039062,86.103759765625,89.94718170166016,38.27287673950195,111.27204895019531
2024-12-04,241.25918579101562,92.41468048095703,218.16000366210938,173.1540985107422,143.6896514892578,235.01705932617188,59.629554748535156,431.4795227050781,144.91355895996094,166.88803100585938,595.427978515625,87.02899932861328,89.70418548583984,38.26811981201172,108.0663833618164
2024-12-05,241.28895568847656,92.43335723876953,220.5500030517578,171.4361572265625,142.78245544433594,237.02540588378906,60.31010055541992,436.60882568359375,144.84368896484375,167.76483154296875,594.4481201171875,87.2048110961914,89.48922729492188,38.387062072753906,108.53919219970703
2024-12-06,241.09039306640625,92.69465637207031,227.02999877929688,173.49172973632812,142.58192443847656,238.84068298339844,59.936283111572266,437.5459899902344,142.2275848388672,165.65859985351562,595.5750122070312,87.33433532714844,89.3583755493164,37.911319732666016,107.39498138427734
2024-12-09,244.9722442626953,92.42401885986328,226.08999633789062,174.34671020507812,142.85887145996094,235.41294860839844,60.00337219238281,439.96270751953125,138.60299682617188,162.77085876464844,592.5079956054688,86.52938079833984,89.6107177734375,37.43558883666992,106.76141357421875
2024-12-10,245.98489379882812,92.31204223632812,225.0399932861328,184.08953857421875,142.50552368164062,234.49566650390625,60.300514221191406,437.3091735839844,134.8685760498047,164.19093322753906,590.6658325195312,86.12225341796875,88.31161499023438,37.164424896240234,106.5439224243164
2024-12-11,244.714111328125,92.09739685058594,230.25999450683594,194.25982666015625,140.0322265625,235.142578125,60.04171371459961,442.8923034667969,139.1022491455078,162.61842346191406,595.2319946289062,85.30804443359375,88.10600280761719,36.931304931640625,105.8346939086914
2024-12-12,246.17352294921875,91.72411346435547,228.97000122070312,190.8399200439453,139.6502685546875,233.21144104003906,61.19194030761719,443.4546203613281,137.1351776123047,162.8280487060547,592.1651000976562,84.27178192138672,87.96581268310547,36.91227722167969,105.7401351928711
2024-12-13,246.34230041503906,91.37882232666016,227.4600067138672,188.71238708496094,140.0131378173828,231.6762237548828,60.50181198120117,441.1956787109375,134.04978942871094,163.02818298339844,592.0474853515625,83.41130065917969,87.71345520019531,36.936058044433594,104.81341552734375
2024-12-16,249.2313232421875,91.46283721923828,232.92999267578125,195.5124969482422,137.3679656982422,231.32861328125,59.9554443359375,445.4570617675781,131.8031463623047,163.1044464111328,594.5755615234375,83.66111755371094,87.40504455566406,36.64110565185547,102.57228088378906
2024-12-17,251.6537628173828,91.46283721923828,231.14999389648438,194.2797088623047,139.81260681152344,230.150634765625,60.77019500732422,448.2880859375,130.195556640625,162.33248901367188,592.1258544921875,83.86465454101562,86.98446655273438,36.488868713378906,102.13729858398438
2024-12-18,246.26287841796875,90.76628112792969,220.52000427246094,187.30067443847656,138.22740173339844,222.43580627441406,60.24300765991211,431.4499206542969,128.71775817871094,161.14117431640625,574.4784545898438,82.81597900390625,83.39555358886719,35.62779235839844,100.63373565673828
2024-12-19,247.99034118652344,90.53221893310547,223.2899932861328,187.41000366210938,137.1101531982422,224.9366455078125,59.85960006713867,431.09478759765625,130.48509216308594,161.24600219726562,574.3020629882812,81.56204986572266,82.10578155517578,35.789546966552734,99.7732162475586
2024-12-20,252.65647888183594,90.775634765625,224.9199981689453,190.29310607910156,137.95999145507812,229.4168243408203,59.9554443359375,430.670654296875,134.49911499023438,160.16905212402344,581.199951171875,82.0264663696289,83.48902130126953,36.36042404174805,100.1136474609375
2024-12-23,253.43084716796875,90.4947738647461,225.05999755859375,193.4943084716797,138.7239532470703,230.17959594726562,59.792503356933594,429.33892822265625,139.46170043945312,160.21673583984375,584.680419921875,81.27408599853516,83.81551361083984,36.48417663574219,100.520263671875
2024-12-24,256.3397216796875,90.59777069091797,229.0500030517578,194.96568298339844,139.27783203125,233.964599609375,60.233421325683594,433.3634948730469,140.01089477539062,161.00772094726562,591.1791381835938,81.61778259277344,84.37228393554688,36.68564224243164,100.61483001708984
2024-12-26,257.15380859375,90.6633071899414,227.0500030517578,194.4586639404297,139.02000427246094,234.76600646972656,59.97461700439453,432.1601257324219,139.72132873535156,162.1704864501953,591.2184448242188,81.57134246826172,84.5987548828125,36.599300384521484,100.6999282836914
2024-12-27,253.74855041503906,90.47604370117188,223.75,191.6352081298828,138.51388549804688,232.86387634277344,59.85960006713867,424.6830749511719,136.8056640625,161.57003784179688,584.994873046875,80.90254974365234,83.74946594238281,36.493778228759766,100.69048309326172
2024-12-30,250.38296508789062,90.83180236816406,221.3000030517578,190.12411499023438,136.8809356689453,231.0775909423828,59.4570198059082,419.0604553222656,137.28494262695312,159.2445831298828,578.3192138671875,81.5527572631836,83.3342514038086,36.34027862548828,100.00962829589844
2024-12-31,248.6157989501953,90.7194595336914,219.38999938964844,188.19541931152344,138.10325622558594,231.45416259765625,59.67747497558594,415.77569580078125,134.08973693847656,159.77830505371094,576.2152709960938,81.11620330810547,84.06085968017578,36.306705474853516,101.72120666503906
2025-01-02,242.0931396484375,90.72883605957031,220.22000122070312,188.32464599609375,137.53028869628906,231.73416137695312,59.274898529052734,412.8953552246094,138.10374450683594,158.1867218017578,574.7996215820312,81.33912658691406,83.31537628173828,36.58491134643555,101.47534942626953
2025-01-03,241.6066436767578,90.63520050048828,224.19000244140625,190.67086791992188,137.692626953125,234.90118408203125,59.18863296508789,417.6005554199219,144.2545623779297,157.3766326904297,581.9865112304688,81.07904815673828,84.4100112915039,36.97344970703125,101.99543762207031
2025-01-06,243.23484802246094,90.54158020019531,227.61000061035156,195.72125244140625,137.18650817871094,233.75595092773438,58.287628173828125,422.0394592285156,149.2071533203125,153.059326171875,585.339111328125,80.716796875,83.3248291015625,36.56093215942383,101.8819580078125
2025-01-07,240.46493530273438,90.22327423095703,222.11000061035156,194.3493194580078,139.6407012939453,236.00759887695312,58.316383361816406,416.6338806152344,139.93101501464844,153.72647094726562,578.722412109375,79.8065185546875,82.53214263916016,36.469791412353516,102.83704376220703
2025-01-08,240.95138549804688,90.32624053955078,222.1300048828125,192.81826782226562,135.85914611816406,235.9687957763672,59.150291442871094,418.7941589355469,139.9010467529297,154.4888916015625,579.5678100585938,79.90870666503906,82.74918365478516,36.4601936340332,101.11600494384766
2025-01-10,235.14358520507812,89.8207015991211,218.94000244140625,190.91941833496094,135.6586151123047,232.80479431152344,58.53683853149414,413.2603454589844,135.7073211669922,151.11509704589844,570.7192993164062,79.3792495727539,80.7297592163086,36.253936767578125,100.7472152709961
2025-01-13,232.7112274169922,89.7364273071289,218.4600067138672,189.89544677734375,137.95999145507812,237.01698303222656,59.0927848815918,411.52423095703125,133.0313262939453,151.3819580078125,571.604248046875,79.35140228271484,81.72059631347656,35.83182144165039,103.34769439697266
2025-01-14,231.59930419921875,89.76451873779297,217.75999450683594,188.55331420898438,138.22740173339844,240.18092346191406,59.46660232543945,410.02490234375,131.56349182128906,152.2397003173828,572.3907470703125,79.22135925292969,82.4660873413086,36.30190658569336,103.75431060791016
2025-01-15,236.15621948242188,90.54158020019531,223.35000610351562,194.408935546875,138.43748474121094,244.91722106933594,59.207801818847656,420.5203552246094,136.03683471679688,152.1539306640625,582.8025512695312,80.58676147460938,82.93791198730469,36.834346771240234,105.44699096679688
2025-01-16,226.61544799804688,90.7381820678711,220.66000366210938,191.78436279296875,141.111328125,246.78067016601562,59.66789245605469,418.8138122558594,133.3708038330078,152.96401977539062,581.6818237304688,80.84683990478516,84.6553726196289,37.76491928100586,105.26731872558594
2025-01-17,228.32305908203125,90.7381820678711,225.94000244140625,194.85630798339844,140.4046630859375,251.5266571044922,60.10881042480469,423.2034606933594,137.504638671875,153.564453125,587.5217895507812,80.98616027832031,84.5987548828125,37.81768035888672,106.21295928955078
2025-01-21,221.03591918945312,91.03777313232422,230.7100067138672,196.8943634033203,141.4741973876953,255.28265380859375,59.830841064453125,422.6806335449219,140.61997985839844,154.12673950195312,592.8995971679688,81.71066284179688,86.18408966064453,38.398094177246094,105.4091567993164
2025-01-22,222.21737670898438,90.82244873046875,235.00999450683594,197.21249389648438,138.7239532470703,255.09823608398438,59.21738815307617,440.1402282714844,146.85067749023438,157.0049285888672,596.2326049804688,81.28337860107422,84.68367767333984,37.5682487487793,103.57463836669922
2025-01-23,222.04859924316406,90.67265319824219,235.4199981689453,196.82476806640625,140.0322265625,258.11663818359375,58.977760314941406,440.643310546875,147.00045776367188,158.34873962402344,599.4869384765625,80.65178680419922,85.30648040771484,37.7457275390625,104.16092681884766
2025-01-24,221.17491149902344,90.82244873046875,234.85000610351562,199.04176330566406,140.20413208007812,257.0393371582031,59.35158157348633,438.029296875,142.40731811523438,157.36781311035156,597.7366943359375,81.0140151977539,85.59901428222656,38.12947082519531,102.75194549560547
2025-01-27,228.20394897460938,91.3280029296875,235.4199981689453,190.6907958984375,146.00059509277344,258.0196228027344,61.22069549560547,428.6582946777344,118.24339294433594,162.67990112304688,589.2816162109375,81.97074127197266,86.74085235595703,37.24686813354492,104.1798324584961
2025-01-28,236.5433807373047,91.2999038696289,238.14999389648438,194.16041564941406,143.60369873046875,259.2716064453125,59.77333068847656,441.1266784667969,128.79763793945312,159.3526611328125,594.3449096679688,81.91502380371094,85.69338989257812,36.733612060546875,102.16566467285156
2025-01-29,237.63546752929688,91.2437515258789,237.07000732421875,194.26976013183594,144.3389892578125,258.7280578613281,60.22383499145508,436.32281494140625,123.5155258178711,159.39100646972656,591.6805419921875,81.74781799316406,84.5610122680664,36.810359954833984,102.76140594482422
2025-01-30,235.87820434570312,91.37482452392578,234.63999938964844,199.6979217529297,145.98150634765625,260.3294982910156,61.393226623535156,409.3540954589844,124.464111328125,160.52247619628906,594.8560791015625,82.05432891845703,85.63677215576172,37.577842712402344,103.61246490478516
2025-01-31,234.2996826171875,91.18757629394531,237.67999267578125,202.8295135498047,145.2939453125,259.4268798828125,60.84687423706055,409.4231872558594,119.89093780517578,159.16090393066406,591.6903076171875,81.51561737060547,85.44803619384766,37.3571891784668,101.02144622802734
2025-02-03,226.3672637939453,91.27398681640625,237.4199981689453,200.05580139160156,145.02655029296875,258.9512939453125,60.72226333618164,405.3393859863281,116.48603820800781,161.81689453125,587.70849609375,82.17930603027344,85.26874542236328,37.55865478515625,101.2673110961914
2025-02-04,231.1227264404297,91.44306945800781,242.05999755859375,205.17576599121094,146.57357788085938,260.04803466796875,60.07046890258789,406.76971435546875,118.47305297851562,161.21286010742188,591.6510009765625,82.43098449707031,85.33480834960938,37.22768020629883,103.98126220703125
2025-02-05,230.79510498046875,91.93151092529297,236.1699981689453,190.2135772705078,147.71946716308594,262.4646911621094,60.50181198120117,407.67718505859375,124.64384460449219,162.056640625,594.0498657226562,83.79193115234375,86.53324127197266,37.60182189941406,103.90560150146484
2025-02-06,231.53968811035156,91.83759307861328,238.8300018310547,190.4820098876953,146.5926513671875,268.744140625,60.731849670410156,410.1728210449219,128.48809814453125,161.93197631835938,596.1146240234375,83.7546615600586,86.75028228759766,37.55865478515625,102.53446197509766
2025-02-07,225.989990234375,91.54640197753906,229.14999389648438,184.25852966308594,146.22023010253906,267.6764831542969,61.19194030761719,404.18524169921875,129.6463623046875,161.05941772460938,590.6580810546875,83.2140121459961,86.46717834472656,37.481910705566406,102.96945190429688
2025-02-10,226.25833129882812,91.5745849609375,233.13999938964844,185.38194274902344,147.28977966308594,263.05670166015625,61.872493743896484,406.6217346191406,133.3708038330078,160.6375274658203,594.6693725585938,82.96231079101562,86.42943572998047,37.88963317871094,104.93635559082031
2025-02-11,231.19793701171875,91.367919921875,232.75999450683594,184.23866271972656,149.09461975097656,266.8903503417969,64.79597473144531,405.8523254394531,132.6019744873047,162.4593505859375,595.12158203125,82.43098449707031,86.80690002441406,38.08150100708008,105.5982894897461
2025-02-12,235.42196655273438,90.88887023925781,228.92999267578125,182.5386199951172,148.26377868652344,267.33685302734375,65.85993957519531,403.48492431640625,130.94442749023438,162.6031951904297,593.204345703125,81.3124008178711,86.00479888916016,38.01435089111328,102.42117309570312
2025-02-13,240.05349731445312,91.43367767333984,230.3699951171875,185.05384826660156,150.16415405273438,268.1812438964844,66.61717224121094,404.96453857421875,135.08822631835938,163.98394775390625,599.4672241210938,82.66404724121094,86.86353302001953,38.10068893432617,103.16536712646484
2025-02-14,243.10472106933594,91.77181243896484,228.67999267578125,184.149169921875,149.1136932373047,268.4432678222656,66.0133056640625,402.8832092285156,138.64292907714844,156.1884307861328,599.4376831054688,83.10213470458984,86.46717834472656,37.94239807128906,103.27030944824219
2025-02-18,242.9755401611328,91.4054946899414,226.64999389648438,182.6976776123047,149.19070434570312,271.7042541503906,66.18583679199219,404.0768127441406,139.19210815429688,158.62391662597656,601.197509765625,82.12335968017578,86.85408782958984,38.29735565185547,105.08308410644531
2025-02-19,243.373046875,91.53700256347656,226.6300048828125,184.18893432617188,151.98219299316406,271.0248718261719,67.16352081298828,409.1370849609375,139.02235412597656,159.6403045654297,602.6133422851562,82.22589874267578,86.9201431274414,38.49882125854492,105.23574829101562
2025-02-20,244.3271942138672,91.67790222167969,222.8800048828125,183.48309326171875,153.7052001953125,258.94158935546875,67.13477325439453,411.3016662597656,139.9010467529297,160.33070373535156,600.1062622070312,82.53353881835938,87.3353500366211,38.494022369384766,106.8576889038086
2025-02-21,244.04891967773438,92.07241821289062,216.5800018310547,178.61167907714844,156.22718811035156,256.4570007324219,68.39042663574219,403.4735412597656,134.22950744628906,163.22645568847656,589.842041015625,83.53093719482422,86.47663116455078,38.50361251831055,105.60783386230469
2025-02-24,245.58944702148438,92.23209381103516,212.7100067138672,178.2040557861328,157.61331176757812,253.6424102783203,67.66194915771484,399.3124084472656,130.08572387695312,163.523681640625,587.1580200195312,83.77330780029297,86.81633758544922,38.31175231933594,106.16119384765625
2025-02-25,245.52980041503906,92.80509948730469,212.8000030517578,174.3964080810547,159.8753662109375,249.81845092773438,68.52462768554688,393.283203125,126.44115447998047,165.54689025878906,584.2379150390625,85.2181625366211,87.88267517089844,38.119876861572266,104.69190216064453
2025-02-26,238.89064025878906,92.95538330078125,214.35000610351562,171.72210693359375,156.97799682617188,251.16757202148438,67.86325073242188,395.0920104980469,131.084228515625,164.25241088867188,584.5328369140625,85.72151184082031,87.51463317871094,38.27817153930664,104.43429565429688
2025-02-27,235.84934997558594,92.81446075439453,208.74000549316406,167.5167999267578,157.60366821289062,251.41986083984375,67.93034362792969,387.97552490234375,119.97081756591797,164.89486694335938,575.2025756835938,85.11561584472656,87.86380767822266,37.42914581298828,105.09262084960938
2025-02-28,240.36158752441406,93.227783203125,212.27999877929688,169.28640747070312,158.84539794921875,256.85491943359375,68.25623321533203,392.3837585449219,124.73370361328125,166.68789672851562,584.178955078125,86.15963745117188,88.60928344726562,37.99995803833008,106.21843719482422
2025-03-03,236.5748748779297,93.42941284179688,205.02000427246094,166.03549194335938,161.02085876464844,252.943603515625,69.3201904296875,383.9823913574219,113.88990020751953,168.36590576171875,573.9441528320312,86.56172943115234,89.02449035644531,38.0527229309082,102.8123550415039
2025-03-04,234.48773193359375,93.1938705444336,203.8000030517578,169.92266845703125,159.2304229736328,242.8790740966797,67.27854919433594,384.1009826660156,115.81702423095703,166.05506896972656,567.1504516601562,85.49571990966797,87.99591064453125,37.4339485168457,102.60245513916016
2025-03-05,234.2989044189453,92.87351989746094,208.36000061035156,172.01043701171875,158.941650390625,244.12135314941406,67.17310333251953,396.3669738769531,117.12506866455078,167.42625427246094,573.2461547851562,84.81309509277344,88.97731018066406,37.17011642456055,100.59886932373047
2025-03-06,233.8914031982422,92.77928924560547,200.6999969482422,171.34432983398438,159.62510681152344,239.27835083007812,67.53734588623047,392.2849426269531,110.40511322021484,167.47418212890625,563.0702514648438,84.53256225585938,86.69366455078125,36.39784240722656,102.67879486083984
2025-03-07,237.6085205078125,92.66622161865234,199.25,172.8455047607422,160.4529266357422,235.14381408691406,68.46710968017578,388.7464294433594,112.52194213867188,168.7111053466797,566.2262573242188,84.26139831542969,87.21267700195312,37.074180603027344,104.0145034790039
2025-03-10,226.08937072753906,93.10906219482422,194.5399932861328,165.09205627441406,161.4251251220703,225.38014221191406,68.48627471923828,375.7490539550781,106.82044982910156,169.00836181640625,551.1444702148438,85.14038848876953,86.37281799316406,37.481910705566406,106.66686248779297
2025-03-11,219.48995971679688,92.77928924560547,196.58999633789062,163.2706298828125,159.6539764404297,222.390869140625,68.09329223632812,376.03570556640625,108.59780883789062,165.99752807617188,546.5628662109375,84.53256225585938,85.36311340332031,37.13174819946289,104.14807891845703
2025-03-12,215.653564453125,92.50605773925781,198.88999938964844,166.3262481689453,156.75662231445312,221.1873779296875,67.03890991210938,378.82293701171875,115.57803344726562,161.44296264648438,549.4631958007812,84.0276107788086,85.09888458251953,37.01662063598633,104.11945343017578
2025-03-13,208.39817810058594,92.78872680664062,193.88999938964844,161.9966278076172,156.89138793945312,218.55718994140625,66.73219299316406,374.3751525878906,115.41825103759766,161.65391540527344,542.1386108398438,84.76634216308594,83.41918182373047,37.10776138305664,103.6805648803711
2025-03-14,212.18490600585938,92.60025787353516,197.9499969482422,164.71383666992188,156.71807861328125,225.59365844726562,66.78047180175781,384.05157470703125,121.49972534179688,161.05941772460938,553.3369140625,84.31748962402344,85.08944702148438,37.83207321166992,106.76226806640625
2025-03-17,212.69178771972656,92.72277069091797,195.74000549316406,163.5194549560547,156.74696350097656,227.03976440429688,67.70743560791016,384.1899719238281,119.36272430419922,162.77577209472656,557.6039428710938,84.73827362060547,86.54267120361328,37.99036407470703,108.53688049316406
2025-03-18,211.38978576660156,92.81697082519531,192.82000732421875,159.9164276123047,158.10423278808594,228.04913330078125,66.99290466308594,379.070068359375,115.2684555053711,160.81011962890625,551.5770874023438,84.82245635986328,86.08972930908203,37.726539611816406,108.42237854003906
2025-03-19,213.92420959472656,93.0902328491211,195.5399932861328,163.121337890625,156.89138793945312,232.0671844482422,66.8963394165039,383.3201599121094,117.35552978515625,161.63475036621094,557.5842895507812,85.2619400024414,86.19352722167969,37.86565017700195,110.11112213134766
2025-03-20,212.79119873046875,93.14675903320312,194.9499969482422,162.0364532470703,156.92025756835938,231.97012329101562,67.31153869628906,382.3515319824219,118.3641128540039,160.65670776367188,555.971923828125,85.31805419921875,86.13690948486328,38.01914596557617,110.57861328125
2025-03-21,216.9356689453125,93.03368377685547,196.2100067138672,163.22088623046875,157.50741577148438,234.5129852294922,66.30732727050781,386.72027587890625,117.5352783203125,159.83209228515625,556.1552734375,84.81309509277344,85.1838150024414,37.774513244628906,110.19699096679688
2025-03-24,219.38063049316406,92.67565155029297,203.25999450683594,166.8935546875,157.1801300048828,240.75355529785156,66.57769012451172,388.5191345214844,121.24009704589844,158.8348846435547,566.1151733398438,83.94345092773438,86.4955062866211,37.76243591308594,110.48321533203125
2025-03-25,222.38217163085938,92.76045227050781,205.7100067138672,169.76004028320312,154.9950714111328,243.73316955566406,66.4425048828125,390.574951171875,120.52110290527344,156.1501007080078,567.4759521484375,83.9341049194336,85.52498626708984,37.15857696533203,111.23693084716797
2025-03-26,220.1757354736328,92.53433227539062,201.1300048828125,164.2858428955078,155.66888427734375,243.63607788085938,67.61087799072266,385.4451904296875,113.60079956054688,159.72662353515625,560.7013549804688,83.38240051269531,85.85865783691406,37.40495681762695,112.83979797363281
2025-03-27,222.48158264160156,92.4872055053711,201.36000061035156,161.4790802001953,157.026123046875,240.81178283691406,68.30611419677734,386.04815673828125,111.27406311035156,161.76898193359375,559.2122802734375,83.1392822265625,85.63939666748047,37.395294189453125,112.47724914550781
2025-03-28,216.5679168701172,93.0242691040039,192.72000122070312,153.60618591308594,157.58444213867188,235.69703674316406,67.94884490966797,374.4048156738281,109.51652526855469,161.1169891357422,547.95068359375,84.2894287109375,85.52498626708984,37.670650482177734,112.32459259033203
2025-03-31,220.7720947265625,93.20329284667969,190.25999450683594,153.9147186279297,159.63473510742188,238.0748748779297,69.15583038330078,371.0343933105469,108.22832489013672,163.40863037109375,551.6289672851562,85.1216812133789,86.31626892089844,38.09092712402344,113.4695053100586
2025-04-01,221.82559204101562,93.5483169555664,192.1699981689453,156.3333282470703,147.51580810546875,236.48318481445312,69.39723205566406,377.7554931640625,109.995849609375,163.54286193847656,553.1870727539062,85.85929870605469,86.35440826416016,38.18754959106445,113.57444763183594
2025-04-02,222.52130126953125,93.44432830810547,196.00999450683594,156.303466796875,149.5468292236328,238.57957458496094,68.87580108642578,377.7060852050781,110.26546478271484,162.5264892578125,556.6878662109375,85.80297088623047,86.87873840332031,38.36627960205078,113.221435546875
2025-04-03,201.9478759765625,93.93590545654297,178.41000366210938,150.01312255859375,153.83999633789062,221.95411682128906,70.66215515136719,368.7807922363281,101.65753173828125,165.29757690429688,529.2538452148438,86.1971206665039,83.91382598876953,38.1247444152832,107.26793670654297
2025-04-04,187.22840881347656,94.02098083496094,171.0,144.9171142578125,147.50619506835938,205.3434295654297,67.52397155761719,355.6647644042969,94.17801666259766,157.01303100585938,498.2696838378906,87.1356201171875,80.27203369140625,36.0040168762207,99.54936981201172
2025-04-07,180.35073852539062,92.8298568725586,175.25999450683594,146.0617218017578,144.98423767089844,209.40576171875,66.01764678955078,353.707763671875,97.50334930419922,153.6378631591797,497.38214111328125,84.50794982910156,78.16513061523438,35.453304290771484,98.21366882324219
2025-04-08,171.36598205566406,92.34777069091797,170.66000366210938,144.02133178710938,144.3874053955078,211.77871704101562,66.06592559814453,350.44610595703125,96.16522979736328,151.87356567382812,489.5918273925781,82.91256713867188,76.06775665283203,35.308380126953125,96.14329528808594
2025-04-09,197.63441467285156,92.55574035644531,191.10000610351562,157.96563720703125,145.32113647460938,228.83859252929688,67.54328155517578,385.9591979980469,114.16999816894531,155.64187622070312,541.0084228515625,83.40055084228516,80.60570526123047,36.699649810791016,100.9423599243164
2025-04-10,189.25592041015625,91.82785034179688,181.22000122070312,152.10325622558594,143.12643432617188,221.7783203125,68.32542419433594,376.92523193359375,107.4194564819336,156.83087158203125,517.3018798828125,81.1013412475586,78.7657470703125,36.424293518066406,95.34185791015625
2025-04-11,196.93865966796875,91.73331451416016,184.8699951171875,156.4029998779297,146.05267333984375,230.65492248535156,68.97236633300781,383.94287109375,110.7747573852539,160.0430450439453,526.531982421875,81.54241180419922,79.72862243652344,36.868736267089844,98.40447998046875
2025-04-14,201.28196716308594,92.27214813232422,182.1199951171875,158.32395935058594,148.5842742919922,229.2096710205078,69.95726776123047,383.310302734375,110.55506134033203,162.17169189453125,531.6401977539062,82.1242446899414,81.37791442871094,37.530555725097656,98.64299774169922
2025-04-15,200.90428161621094,92.4612045288086,179.58999633789062,155.576904296875,147.87196350097656,227.65701293945312,69.3875732421875,381.2543640136719,112.04297637939453,161.53883361816406,530.151123046875,82.41516876220703,81.62579345703125,37.525726318359375,98.36631774902344
2025-04-16,193.08238220214844,92.75426483154297,174.3300018310547,152.61087036132812,148.151123046875,224.21963500976562,69.2137680053711,367.2982177734375,104.3437728881836,159.54444885253906,518.3668823242188,82.87500762939453,81.56858825683594,37.18756866455078,99.4062728881836
2025-04-17,195.77581787109375,92.5179443359375,172.61000061035156,150.4510498046875,151.57789611816406,226.5144805908203,70.48834991455078,363.5126647949219,101.34796142578125,163.6099853515625,519.1065063476562,82.14301300048828,82.78887939453125,37.5692024230957,102.01091766357422
2025-04-21,191.97918701171875,91.960205078125,167.32000732421875,146.9774169921875,151.04849243164062,223.61419677734375,70.26626586914062,354.95318603515625,96.77438354492188,159.9214324951172,506.7503662109375,80.70719146728516,81.06330871582031,36.68033218383789,100.51301574707031
2025-04-22,198.5189666748047,92.1303482055664,173.17999267578125,150.75958251953125,151.84742736816406,230.0592498779297,71.35738372802734,362.56378173828125,98.75160217285156,161.97653198242188,519.9348754882812,81.15764617919922,82.63633728027344,37.68030548095703,103.32756805419922
2025-04-23,203.34925842285156,92.35720825195312,180.60000610351562,154.62139892578125,149.56613159179688,235.22506713867188,70.77803039550781,370.0460205078125,102.56626892089844,159.90211486816406,527.991455078125,81.9459457397461,82.78887939453125,37.839725494384766,102.44026184082031
2025-04-24,207.09617614746094,92.86770629882812,186.5399932861328,158.53294372558594,149.1329345703125,238.89678955078125,70.02486419677734,382.80615234375,106.28105163574219,153.92013549804688,539.105224609375,82.809326171875,83.09394836425781,37.8976936340332,103.64240264892578
2025-04-25,208.00062561035156,93.20799255371094,188.99000549316406,161.20040893554688,148.7960662841797,237.83238220214844,69.43586730957031,387.30340576171875,110.85465240478516,155.35775756835938,543.0003662109375,83.4193344116211,82.95094299316406,37.78175354003906,103.58516693115234
2025-04-28,208.85537719726562,93.46324157714844,187.6999969482422,159.85671997070312,149.5372314453125,237.51014709472656,69.31998443603516,386.6214294433594,108.57784271240234,156.1585693359375,543.2074584960938,83.9448471069336,83.46575164794922,38.013633728027344,103.64240264892578
2025-04-29,209.91885375976562,93.69011688232422,187.38999938964844,159.40884399414062,150.0762939453125,238.8772430419922,69.86071014404297,389.4679870605469,108.867431640625,156.5541534423828,546.6292724609375,84.64869689941406,83.91382598876953,38.30831527709961,103.38480377197266
2025-04-30,211.20094299316406,93.60502624511719,184.4199981689453,158.05519104003906,150.4613037109375,238.8772430419922,70.0538330078125,390.673828125,108.76756286621094,156.85325622558594,546.84619140625,83.96361541748047,84.20936584472656,38.11507797241211,100.7801513671875
2025-05-01,212.0159454345703,93.34993743896484,190.1999969482422,160.54348754882812,148.6805419921875,241.09397888183594,68.8371810913086,420.4641418457031,111.45380401611328,154.3543243408203,550.7216796875,83.53789520263672,84.48583221435547,38.2261848449707,100.92327117919922
2025-05-02,204.09466552734375,92.89469146728516,189.97999572753906,163.26068115234375,150.2783966064453,246.58204650878906,69.18479919433594,430.2294616699219,114.33976745605469,154.87533569335938,558.8966674804688,82.63365936279297,85.52498626708984,38.525699615478516,101.33352661132812
2025-05-05,197.67416381835938,92.73348999023438,186.35000610351562,163.43983459472656,149.2003173828125,246.63084411621094,69.23307800292969,431.10919189453125,113.66072082519531,153.24478149414062,555.6917724609375,82.172119140625,85.33432006835938,38.42908477783203,98.52851104736328
2025-05-06,197.2964630126953,92.96107482910156,185.00999450683594,162.46441650390625,148.69015502929688,243.3985595703125,69.25238800048828,428.2823486328125,113.38111114501953,153.64999389648438,551.047119140625,82.44525146484375,84.67650604248047,38.89767074584961,99.90239715576172
2025-05-07,195.05027770996094,93.10335540771484,188.7100067138672,150.6699981689453,151.4142608642578,243.53529357910156,69.90898895263672,428.3218994140625,116.89617919921875,153.68856811523438,553.3645629882812,82.79378509521484,84.77184295654297,39.0087776184082,99.80697631835938
2025-05-08,196.28269958496094,92.61967468261719,192.0800018310547,153.55641174316406,149.83563232421875,247.51950073242188,68.72130584716797,433.08599853515625,117.20575714111328,153.07110595703125,557.2203369140625,81.8707046508789,84.43817138671875,38.69478225708008,101.199951171875
2025-05-09,197.31634521484375,92.71450805664062,193.05999755859375,152.03358459472656,148.44952392578125,247.13864135742188,68.09368133544922,433.63946533203125,116.48675537109375,152.11590576171875,556.51025390625,81.99314880371094,85.00064849853516,38.76240921020508,102.38301849365234
2025-05-12,209.776123046875,92.40153503417969,208.63999938964844,157.716796875,148.37249755859375,253.94500732421875,67.13773345947266,444.04730224609375,122.82787322998047,155.24197387695312,574.9015502929688,81.230224609375,85.42011260986328,38.53053665161133,104.14807891845703
2025-05-13,211.90582275390625,92.30669403076172,211.3699951171875,158.7817840576172,142.88580322265625,256.8355407714844,66.58734893798828,443.9287109375,129.7481689453125,153.14828491210938,578.6981201171875,80.90054321289062,84.33330535888672,38.47739028930664,104.43429565429688
2025-05-14,211.30873107910156,92.04115295410156,210.25,164.59439086914062,140.8836212158203,259.40380859375,66.78047180175781,447.6845703125,135.1505889892578,152.4632568359375,579.437744140625,80.3636474609375,83.5038833618164,38.30831527709961,103.49929809570312
2025-05-15,210.43295288085938,92.56275939941406,205.1699981689453,163.19100952148438,144.01202392578125,261.2103576660156,69.14617156982422,448.6946105957031,134.6413116455078,156.69888305664062,582.2678833007812,81.07007598876953,85.02925109863281,39.124717712402344,104.54883575439453
2025-05-16,210.24386596679688,92.61967468261719,205.58999633789062,165.41055297851562,145.66766357421875,261.2787170410156,69.52275085449219,449.82342529296875,135.21051025390625,157.53826904296875,585.9559326171875,81.2867202758789,86.08747100830078,39.6995849609375,104.1733169555664
2025-05-19,207.7758026123047,92.59122467041016,206.16000366210938,165.75889587402344,146.7842559814453,258.66162109375,69.45516204833984,454.37841796875,135.38026428222656,158.97589111328125,586.5969848632812,81.05123901367188,86.10652923583984,39.8686637878418,102.51716613769531
2025-05-20,205.8650360107422,92.42999267578125,204.07000732421875,163.21090698242188,147.9104766845703,259.4428405761719,69.22342681884766,453.6852722167969,134.19192504882812,159.81529235839844,584.6246948242188,80.4672622680664,85.60126495361328,39.98460388183594,101.05360412597656
2025-05-21,201.1179656982422,91.8230209350586,201.1199951171875,167.76943969726562,147.44839477539062,254.9117889404297,69.37792205810547,448.1401062011719,131.6155548095703,159.61268615722656,574.7733154296875,79.0920639038086,83.32275390625,39.25515365600586,99.8115005493164
2025-05-22,200.39151000976562,92.08856201171875,203.10000610351562,170.06858825683594,146.89974975585938,254.55047607421875,68.69234466552734,450.4076843261719,132.64410400390625,159.22674560546875,575.000244140625,79.50650787353516,82.94141387939453,38.69478225708008,99.1471176147461
2025-05-23,194.33078002929688,92.2213363647461,200.99000549316406,167.6798553466797,147.21742248535156,254.58950805664062,69.3006591796875,445.7734680175781,131.10626220703125,160.02755737304688,571.0753173828125,79.63838195800781,83.02720642089844,39.15853500366211,99.20487976074219
2025-05-27,199.2470245361328,92.63863372802734,206.02000427246094,172.08908081054688,148.7804412841797,259.06201171875,69.31031799316406,456.1806335449219,135.31036376953125,161.86074829101562,582.9483642578125,80.74983978271484,84.47630310058594,39.453216552734375,99.67668151855469
2025-05-28,199.45599365234375,92.46791076660156,204.72000122070312,171.5516357421875,147.98434448242188,257.3042297363281,68.70201110839844,452.8832092285156,134.621337890625,161.47482299804688,579.5758056640625,80.40132904052734,84.3905029296875,38.902503967285156,98.31904602050781
2025-05-29,198.98826599121094,92.80935668945312,205.6999969482422,171.053955078125,149.100830078125,258.1636047363281,69.03030395507812,454.1902770996094,138.99520874023438,162.6326141357422,581.8635864257812,81.14543914794922,85.1531753540039,39.17302322387695,98.87751007080078
2025-05-30,199.88394165039062,93.03694915771484,205.00999450683594,170.9345245361328,150.68328857421875,257.8022766113281,69.61931610107422,455.85382080078125,134.94090270996094,163.9158477783203,581.2128295898438,81.26788330078125,85.1531753540039,39.57398986816406,98.50199127197266
2025-06-02,200.72984313964844,92.79241943359375,206.64999389648438,168.23724365234375,150.8677520751953,258.4468078613281,69.52275085449219,457.44805908203125,137.187744140625,161.88003540039062,584.4866943359375,80.51155090332031,85.267578125,39.6995849609375,99.2241439819336
2025-06-03,202.2923126220703,92.72581481933594,205.7100067138672,165.4005889892578,149.91632080078125,260.0190124511719,68.71166229248047,458.43829345703125,141.02235412597656,160.98275756835938,587.8197631835938,80.36972045898438,85.09598541259766,39.80586624145508,99.94629669189453
2025-06-04,201.84446716308594,93.27769470214844,207.22999572753906,167.2618408203125,148.75132751464844,258.0171203613281,68.91443634033203,459.3294372558594,141.7213897705078,160.11439514160156,587.6620483398438,81.67440795898438,85.33432006835938,39.1102294921875,98.50199127197266
2025-06-05,199.66500854492188,93.03980255126953,207.91000366210938,167.42108154296875,149.17849731445312,255.80039978027344,68.47026824951172,463.1022033691406,139.79409790039062,157.07516479492188,584.8219604492188,81.73113250732422,85.267578125,39.047428131103516,98.0494384765625
2025-06-06,202.93917846679688,92.56404113769531,213.57000732421875,172.8654022216797,150.508544921875,259.49169921875,68.8951187133789,465.7757263183594,141.5216522216797,158.2522735595703,590.8274536132812,80.6911849975586,85.67753601074219,39.221336364746094,100.39884185791016
2025-06-09,200.48106384277344,92.6782455444336,216.97999572753906,175.4762725830078,150.70269775390625,260.47796630859375,69.3006591796875,468.12255859375,142.43040466308594,156.84359741210938,591.3599853515625,80.7762680053711,85.79193115234375,38.97013473510742,101.07286071777344
2025-06-10,201.69520568847656,92.88756561279297,217.61000061035156,177.9775390625,151.88711547851562,262.2943115234375,69.86071014404297,466.3104553222656,143.75852966308594,157.11375427246094,594.7128295898438,81.1922378540039,86.52600860595703,39.061920166015625,103.23932647705078
2025-06-11,197.82391357421875,93.2015609741211,213.1999969482422,176.73190307617188,150.7318115234375,261.8548583984375,69.59034729003906,467.99383544921875,142.6400146484375,156.40943908691406,593.0167236328125,81.43806457519531,86.0588607788086,39.08607864379883,105.25172424316406
2025-06-12,198.24188232421875,93.54412841796875,213.24000549316406,175.08763122558594,152.09100341796875,261.9427490234375,69.75450134277344,474.1826171875,144.80712890625,157.44178771972656,595.3734741210938,82.4118423461914,86.47833251953125,39.55949401855469,105.65613555908203
2025-06-13,195.50509643554688,93.2110824584961,212.10000610351562,174.0612335205078,152.51815795898438,258.7300109863281,69.06404113769531,470.3109130859375,141.78115844726562,154.64378356933594,588.7171020507812,81.61768341064453,85.63939666748047,39.33244705200195,107.95740509033203
2025-06-16,197.4656219482422,93.02078247070312,216.10000610351562,176.1539306640625,150.6929931640625,264.0129699707031,68.57781982421875,474.45001220703125,144.49754333496094,155.22268676757812,594.318359375,80.79517364501953,85.70613098144531,39.13920974731445,108.30404663085938
2025-06-17,194.69898986816406,93.30623626708984,214.82000732421875,175.3367919921875,147.93582153320312,263.19268798828125,67.7026138305664,473.3608093261719,143.92828369140625,152.9456787109375,589.2398681640625,81.77840423583984,85.40105438232422,38.8155517578125,109.76760864257812
2025-06-18,195.6344757080078,93.37284851074219,212.52000427246094,172.71595764160156,146.3339385986328,267.5284423828125,67.30390167236328,475.53924560546875,145.28648376464844,152.4632568359375,589.1510620117188,81.92021179199219,85.69659423828125,38.9169921875,108.98768615722656
2025-06-20,200.03323364257812,93.45849609375,209.69000244140625,166.05921936035156,145.42135620117188,268.5440368652344,66.944091796875,472.7270202636719,143.65866088867188,153.48597717285156,587.7673950195312,81.76892852783203,85.63939666748047,39.02327346801758,110.44161224365234
2025-06-23,200.53082275390625,93.64878845214844,208.47000122070312,164.61427307128906,146.90675354003906,271.7372741699219,67.81930541992188,481.24285888671875,143.97824096679688,155.36740112304688,593.5730590820312,82.0336685180664,86.9264144897461,39.51797866821289,107.59150695800781
2025-06-24,199.3365936279297,94.02938079833984,212.77000427246094,166.18878173828125,147.75137329101562,274.6571350097656,68.27635955810547,485.3126220703125,147.7032470703125,154.72096252441406,600.13037109375,82.6292724609375,87.15522003173828,39.68822479248047,104.31774139404297
2025-06-25,200.5905303955078,94.0198745727539,211.99000549316406,170.0851287841797,147.8387451171875,277.391357421875,67.71233367919922,487.4514465332031,154.10475158691406,153.37986755371094,600.4666748046875,82.73326873779297,85.05784606933594,39.158016204833984,104.34663391113281
2025-06-26,200.03323364257812,94.27679443359375,217.1199951171875,172.9351806640625,147.57659912109375,281.9712829589844,67.5567398071289,492.58074951171875,154.8137969970703,153.0518341064453,605.1646118164062,83.14926147460938,84.9789047241211,39.483924865722656,105.90647888183594
2025-06-27,200.11282348632812,94.01039123535156,223.3000030517578,177.9077911376953,147.96495056152344,280.3697509765625,68.39305114746094,491.0855407714844,157.54017639160156,154.23854064941406,608.1712646484375,82.61983489990234,85.19070434570312,39.5617561340332,105.31913757324219
2025-06-30,204.1831512451172,94.39097595214844,219.38999938964844,175.6157989501953,148.2950439453125,283.10400390625,68.80148315429688,492.5411682128906,157.7798614501953,153.71754455566406,611.0789794921875,83.4328842163086,85.73945617675781,39.722286224365234,103.79779815673828
2025-07-01,206.82041931152344,94.3041000366211,220.4600067138672,175.2271728515625,151.37255859375,283.59228515625,69.69615173339844,487.233642578125,153.09609985351562,155.55072021484375,610.8812866210938,83.6397476196289,86.3652114868164,39.85847854614258,105.184326171875
2025-07-02,211.41819763183594,94.18955993652344,219.9199981689453,178.0174102783203,151.0230712890625,285.14495849609375,68.95709228515625,486.2830505371094,157.04083251953125,155.53143310546875,613.650634765625,83.10834503173828,86.56739044189453,39.51311111450195,106.92713165283203
2025-07-03,212.52285766601562,93.99864959716797,223.41000366210938,178.904296875,151.4599609375,290.443603515625,69.38496398925781,493.9571838378906,159.1280517578125,155.17442321777344,618.487060546875,82.52947998046875,86.66365051269531,39.809837341308594,108.03443908691406
2025-07-07,208.94017028808594,93.66453552246094,223.47000122070312,176.17384338378906,150.7415313720703,286.4892578125,69.0543212890625,492.84814453125,158.02952575683594,154.85604858398438,613.8779907226562,81.74185943603516,85.92237091064453,39.89253616333008,106.98490905761719
2025-07-08,208.9998779296875,93.62635803222656,219.36000061035156,173.75233459472656,151.24635314941406,277.4717712402344,68.30552673339844,491.7589111328125,159.7871856689453,152.3378143310547,613.5418090820312,81.63748931884766,85.7972183227539,39.469329833984375,109.95054626464844
2025-07-09,210.12445068359375,94.0177230834961,222.5399932861328,176.0044403076172,151.7220916748047,277.8446350097656,67.56645965576172,498.5814514160156,162.66334533691406,151.98085021972656,617.2210083007812,82.49153900146484,85.86460876464844,39.83902359008789,109.57504272460938
2025-07-10,211.3883514404297,93.98909759521484,222.25999450683594,177.00096130371094,153.09095764160156,282.7801818847656,67.84848022460938,496.57135009765625,163.88172912597656,152.91673278808594,618.9617309570312,82.54845428466797,86.40372467041016,40.16493225097656,110.66307830810547
2025-07-11,210.1443634033203,93.59770965576172,225.02000427246094,179.56199645996094,152.32398986816406,281.4751281738281,67.94573211669922,498.393310546875,164.7006378173828,151.52735900878906,616.785888671875,81.40973663330078,86.4133529663086,40.10655975341797,111.14451599121094
2025-07-14,207.61656188964844,93.58817291259766,225.69000244140625,180.92723083496094,152.246337890625,283.2806396484375,67.5567398071289,498.09625244140625,163.85177612304688,148.35304260253906,617.9627685546875,81.23892974853516,86.97172546386719,40.26708221435547,109.6905746459961
2025-07-15,208.10421752929688,93.31133270263672,226.35000610351562,181.36569213867188,150.6444549560547,281.17095947265625,67.44976806640625,500.8688659667969,170.4729461669922,147.31103515625,615.322021484375,80.66957092285156,85.69131469726562,39.8828010559082,108.71807861328125
2025-07-16,209.14918518066406,93.44498443603516,223.19000244140625,182.3323211669922,159.97418212890625,280.4547119140625,67.36224365234375,500.6708068847656,171.14205932617188,148.32411193847656,617.3792114257812,80.78345489501953,86.5,39.902259826660156,108.06332397460938
2025-07-17,209.0098419189453,93.48316192626953,223.8800048828125,182.94020080566406,158.22665405273438,284.4580993652344,68.64588928222656,506.6913146972656,172.7698974609375,150.1476287841797,621.1573486328125,80.76445770263672,86.40372467041016,40.067649841308594,107.51448822021484
2025-07-18,210.16424560546875,93.65499877929688,226.1300048828125,184.41502380371094,158.9256591796875,285.8023681640625,67.92627716064453,505.05743408203125,172.18069458007812,150.66929626464844,620.7024536132812,80.88780212402344,86.5866470336914,40.73892593383789,103.76890563964844
2025-07-21,211.4580078125,93.91273498535156,229.3000030517578,189.43746948242188,159.56640625,285.50799560546875,68.14021301269531,505.06732177734375,171.1520538330078,150.60130310058594,621.87939453125,81.6090087890625,86.9428482055664,40.870262145996094,104.03851318359375
2025-07-22,213.36875915527344,94.0940933227539,227.47000122070312,190.67312622070312,163.03231811523438,285.9593811035156,67.74150848388672,500.32421875,166.80784606933594,153.79733276367188,621.9684448242188,82.10246276855469,88.43505096435547,41.371299743652344,104.51032257080078
2025-07-23,213.11997985839844,93.88407897949219,228.2899932861328,189.56703186035156,164.16819763183594,291.1893310546875,67.25527954101562,500.9183654785156,170.55284118652344,153.7584686279297,627.259765625,81.64698791503906,88.60834503173828,41.05997848510742,105.84871673583984
2025-07-24,212.73184204101562,93.82681274414062,232.22999572753906,191.500244140625,164.61476135253906,290.9832763671875,67.1969223022461,505.87933349609375,173.5089111328125,154.27333068847656,627.4674682617188,81.50463104248047,88.3002700805664,41.0064697265625,106.6767807006836
2025-07-25,212.8512725830078,93.97953796386719,231.44000244140625,192.50672912597656,163.3915252685547,293.014404296875,67.26500701904297,508.6816711425781,173.26922607421875,153.77789306640625,630.1181030273438,82.0170669555664,88.30990600585938,41.11347961425781,106.30126190185547
2025-07-28,213.0204620361328,93.85543823242188,232.7899932861328,191.9088134765625,161.37217712402344,292.6807861328125,66.2147445678711,507.4835205078125,176.514892578125,152.62188720703125,629.9598999023438,81.48564910888672,86.89471435546875,40.67569351196289,107.30265808105469
2025-07-29,210.25381469726562,94.36138916015625,231.00999450683594,195.06776428222656,163.20706176757812,291.4640808105469,67.4692153930664,507.55279541015625,175.27655029296875,152.13616943359375,628.29833984375,82.86161041259766,88.2906494140625,41.14267349243164,108.68919372558594
2025-07-30,208.0445098876953,94.0940933227539,230.19000244140625,195.84507751464844,162.3818359375,294.0054931640625,66.85657501220703,508.21624755859375,179.03155517578125,148.5127410888672,627.5070190429688,82.43460845947266,87.03912353515625,41.44912338256836,107.74556732177734
2025-07-31,206.57164001464844,94.14183807373047,234.11000061035156,191.23117065429688,159.9353485107422,290.6791076660156,66.02025604248047,528.2778930664062,177.63340759277344,146.17156982421875,625.1531372070312,82.48204803466797,85.81646728515625,41.672882080078125,107.49522399902344
2025-08-01,201.40658569335938,94.9559555053711,214.75,188.47084045410156,162.44979858398438,283.93804931640625,66.96354675292969,518.9797973632812,173.4889373779297,146.34642028808594,614.9065551757812,83.65464782714844,85.60467529296875,41.736122131347656,105.5694808959961
2025-08-04,202.37193298339844,95.0325927734375,211.64999389648438,194.3602294921875,166.0515899658203,288.7362976074219,67.06078338623047,530.39697265625,179.76058959960938,146.45327758789062,624.2531127929688,83.88327026367188,86.48074340820312,42.475502014160156,103.38375854492188
2025-08-05,201.94398498535156,95.06133270263672,213.75,193.9915313720703,165.76036071777344,285.9005126953125,67.14830780029297,522.584228515625,178.02288818359375,146.21043395996094,621.088134765625,84.14047241210938,86.87545776367188,42.02311325073242,103.25859069824219
2025-08-06,212.2243194580078,95.02301025390625,222.30999755859375,195.40658569335938,165.61471557617188,285.8808898925781,67.59564208984375,519.8016967773438,179.1813507080078,148.49330139160156,625.8455200195312,83.65464782714844,86.20155334472656,41.6485595703125,102.5556869506836
2025-08-07,218.9716796875,94.94638061523438,223.1300048828125,195.83509826660156,166.5272979736328,281.5536804199219,68.49030303955078,515.7418212890625,180.52955627441406,149.10531616210938,625.3212890625,83.51177978515625,86.45186614990234,42.100948333740234,102.01646423339844
2025-08-08,228.2468719482422,94.76439666748047,222.69000244140625,200.718017578125,168.27479553222656,283.3394775390625,68.40277099609375,516.9300537109375,182.4569854736328,149.12474060058594,630.1972045898438,83.1497802734375,85.73945617675781,41.920963287353516,102.83492279052734
2025-08-11,226.34388732910156,94.8314437866211,221.3000030517578,200.29945373535156,168.7505340576172,284.1244812011719,68.80148315429688,516.6627807617188,181.8178253173828,150.552734375,628.9510498046875,83.24504852294922,85.17144775390625,41.78963088989258,101.90091705322266
2025-08-12,228.8048095703125,94.8314437866211,221.47000122070312,202.63131713867188,167.7408447265625,287.3527526855469,68.76258850097656,524.0595703125,182.9163818359375,150.6595916748047,635.6468505859375,82.82591247558594,85.6528091430664,41.969608306884766,102.18978881835938
2025-08-13,232.47125244140625,95.1762466430664,224.55999755859375,201.25613403320312,169.3330078125,285.0762939453125,68.51947784423828,515.4844360351562,181.34844970703125,150.970458984375,637.8228149414062,83.51177978515625,86.45186614990234,42.06203079223633,103.60520935058594
2025-08-14,231.92327880859375,94.9080581665039,230.97999572753906,202.2327423095703,169.62428283691406,288.6381530761719,67.6345443725586,517.36572265625,181.7778778076172,149.34815979003906,637.882080078125,82.89259338378906,85.83572387695312,41.770172119140625,103.39337921142578
2025-08-15,230.73765563964844,94.76439666748047,231.02999877929688,203.18936157226562,171.48828125,285.0370178222656,67.99433898925781,515.0783081054688,180.20997619628906,149.950439453125,636.3886108398438,82.302001953125,86.32670593261719,41.6485595703125,103.49056243896484
2025-08-18,230.0402374267578,94.65904998779297,231.49000549316406,202.790771484375,171.10964965820312,286.0574951171875,67.22610473632812,512.0383911132812,181.7678985595703,151.27159118652344,636.2501831054688,82.0638656616211,85.59504699707031,41.46857833862305,103.7140884399414
2025-08-19,229.71144104003906,94.84101867675781,228.00999450683594,200.86749267578125,172.6144561767578,285.203857421875,68.19856262207031,504.7801818847656,175.4063720703125,153.87503051757812,632.79833984375,82.54015350341797,87.06800079345703,41.87232208251953,104.39437103271484
2025-08-20,225.17819213867188,94.89849853515625,223.80999755859375,198.62533569335938,173.62413024902344,286.754150390625,68.75286865234375,500.7698669433594,175.16668701171875,154.9533233642578,631.1170043945312,82.72114562988281,87.31829833984375,41.916099548339844,105.47310638427734
2025-08-21,224.072265625,94.6781997680664,221.9499969482422,199.0538330078125,173.71148681640625,285.9986572265625,68.7139663696289,500.1251525878906,174.7472381591797,154.1956024169922,628.5851440429688,82.3115463256836,87.0583724975586,41.62910461425781,106.15339660644531
2025-08-22,226.9217529296875,95.20500183105469,228.83999633789062,205.3717498779297,174.0609893798828,290.6791076660156,68.19856262207031,503.0907287597656,177.75326538085938,154.1373291015625,638.2381591796875,82.92118072509766,88.74312591552734,41.85286331176758,108.1456527709961
2025-08-25,226.323974609375,95.06133270263672,227.94000244140625,207.76336669921875,173.20664978027344,289.3642578125,67.0316162109375,500.1449890136719,179.57083129882812,151.68930053710938,635.4292602539062,82.68304443359375,88.2328872680664,41.38102340698242,108.59268951416016
2025-08-26,228.46604919433594,95.1762466430664,228.7100067138672,206.41807556152344,172.60032653808594,292.96533203125,66.83712768554688,497.9430847167969,181.52822875976562,151.5144500732422,638.0897827148438,82.63540649414062,88.00183868408203,41.47344970703125,108.3497314453125
2025-08-27,229.6417236328125,95.27203369140625,229.1199951171875,206.75689697265625,172.89369201660156,293.6620178222656,66.93437194824219,502.6047058105469,181.3584442138672,152.47618103027344,639.543701171875,82.54015350341797,88.55059051513672,41.48316955566406,109.57425689697266
2025-08-28,231.70408630371094,95.38695526123047,231.60000610351562,210.9023895263672,171.583251953125,295.4184265136719,66.47731018066406,505.4810791015625,179.93035888671875,151.20359802246094,641.8085327148438,83.08312225341797,88.31953430175781,41.1669921875,110.15734100341797
2025-08-29,231.28562927246094,95.26244354248047,229.0,212.16796875,173.26531982421875,295.7618408203125,67.08995819091797,502.5551452636719,173.94830322265625,152.5538787841797,637.9810180664062,82.49250030517578,88.8008804321289,41.01619338989258,111.07087707519531
2025-09-02,228.87454223632812,95.00972747802734,225.33999633789062,210.61341857910156,174.13571166992188,294.0741882324219,67.15802764892578,500.9979553222656,170.55284118652344,153.4767608642578,633.25341796875,81.87864685058594,87.32792663574219,40.87999725341797,111.45960235595703
2025-09-03,237.59234619140625,95.35565185546875,225.99000549316406,229.8561248779297,174.07704162597656,293.8877258300781,67.08995819091797,501.2261047363281,170.39306640625,153.651611328125,636.6853637695312,82.77748107910156,87.37606811523438,40.7778434753418,108.75790405273438
2025-09-04,238.89749145507812,95.74003601074219,235.67999267578125,231.4904022216797,174.82029724121094,298.1168212890625,66.3703384399414,503.8246765136719,171.4316864013672,154.64248657226562,642.0064086914062,83.40855407714844,88.03071594238281,40.72919845581055,109.2341079711914
2025-09-05,238.80784606933594,96.19168853759766,232.3300018310547,234.1809844970703,174.49755859375,288.8540344238281,66.08832550048828,490.96051025390625,166.79786682128906,155.4487762451172,640.14697265625,84.68028259277344,89.0223159790039,40.602725982666016,106.15339660644531
2025-09-08,237.0045166015625,96.51842498779297,235.83999633789062,233.43289184570312,174.2041778564453,287.41162109375,65.57292175292969,494.1344299316406,168.08612060546875,154.46762084960938,641.7196044921875,85.80858612060547,88.50244140625,40.18925857543945,106.75592803955078
2025-09-09,233.48751831054688,96.32624053955078,238.24000549316406,239.0084228515625,173.05996704101562,292.2589111328125,65.99108123779297,494.3426818847656,170.53285217285156,154.90476989746094,643.203125,85.3209228515625,88.3002700805664,40.466529846191406,107.53338623046875
2025-09-10,225.955322265625,96.51842498779297,230.3300018310547,238.54962158203125,171.91575622558594,294.89837646484375,65.95218658447266,496.2867126464844,177.09413146972656,152.85504150390625,645.0625,85.80858612060547,88.15586853027344,41.16212463378906,109.33129119873047
2025-09-11,229.18341064453125,96.70099639892578,229.9499969482422,239.74649047851562,174.56602478027344,299.8241271972656,65.7576904296875,496.9215087890625,176.9443359375,154.09848022460938,650.4231567382812,86.38230895996094,89.76359558105469,41.38102340698242,108.9814224243164
2025-09-12,233.20855712890625,96.61450958251953,228.14999389648438,240.17538452148438,174.13571166992188,301.1488037109375,65.16448974609375,505.73895263671875,177.59349060058594,153.38931274414062,650.2054443359375,86.00938415527344,89.34962463378906,41.590187072753906,109.00086975097656
2025-09-15,235.828857421875,96.77787780761719,231.42999267578125,250.9573516845703,173.49024963378906,303.1014404296875,64.88031768798828,511.15435791015625,177.52357482910156,152.3498992919922,653.6671752929688,86.21019744873047,89.2052230834961,41.68747329711914,109.18550872802734
2025-09-16,237.2735137939453,96.8163070678711,234.0500030517578,250.50852966308594,172.5709991455078,303.3860168457031,64.90971374511719,504.885986328125,174.65724182128906,153.53504943847656,652.7671508789062,86.39186096191406,88.73348999023438,40.92863845825195,111.44988250732422
2025-09-17,238.11044311523438,96.64334106445312,231.6199951171875,248.88275146484375,173.294677734375,305.8979187011719,65.69364166259766,505.8579406738281,170.0730743408203,155.74990844726562,651.9561157226562,86.17195129394531,88.61798095703125,41.03078842163086,112.0427017211914
2025-09-18,237.0045166015625,96.37427520751953,231.22999572753906,251.37625122070312,170.32168579101562,307.3501892089844,65.12528991699219,504.3008117675781,176.01551818847656,152.82589721679688,655.0023193359375,85.28268432617188,88.81051635742188,41.05997848510742,110.72100830078125
2025-09-19,244.59646606445312,96.37427520751953,231.47999572753906,254.05929565429688,172.30694580078125,308.8710632324219,65.09589385986328,513.7034912109375,176.4449462890625,151.5824432373047,658.2465209960938,85.12013244628906,88.2328872680664,41.32265090942383,109.64228057861328
2025-09-22,255.13751220703125,96.25896453857422,227.6300048828125,251.87493896484375,170.37057495117188,306.5749816894531,64.88031768798828,510.2518615722656,183.37611389160156,148.6973114013672,661.3606567382812,84.81414031982422,88.25213623046875,41.72323226928711,108.86480712890625
2025-09-23,253.4936065673828,96.41271209716797,220.7100067138672,251.00721740722656,172.68833923339844,306.8693542480469,65.37026977539062,505.0744323730469,178.2027130126953,148.14358520507812,657.7606201171875,85.40699005126953,88.73348999023438,41.93870544433594,110.74044036865234
2025-09-24,251.38140869140625,96.23014068603516,220.2100067138672,246.4989471435547,172.79592895507812,307.53662109375,65.11549377441406,505.9869079589844,176.74456787109375,148.0658721923828,655.6677856445312,85.08189392089844,87.86072540283203,42.2374267578125,111.33326721191406
2025-09-25,255.9246063232422,96.09558868408203,218.14999389648438,245.15245056152344,173.81298828125,307.5660400390625,64.65493774414062,502.8923645019531,177.4636688232422,147.8035888671875,652.6429443359375,85.08189392089844,87.59831237792969,41.83096694946289,112.33424377441406
2025-09-26,254.5198211669922,96.16285705566406,219.77999877929688,245.9004669189453,175.7493438720703,310.12701416015625,64.35115051269531,507.28619384765625,177.96302795410156,148.14358520507812,656.3819580078125,85.0053939819336,88.46330261230469,42.51166534423828,113.91834259033203
2025-09-29,253.4936065673828,96.34544372558594,222.1699981689453,243.41696166992188,177.61724853515625,309.7640075683594,64.71372985839844,510.4004821777344,181.61837768554688,149.14414978027344,658.2266845703125,85.70340728759766,88.49246978759766,42.634090423583984,111.00284576416016
2025-09-30,253.69287109375,96.3358383178711,219.57000732421875,242.4694366455078,181.33351135253906,309.50885009765625,64.98809814453125,513.7232666015625,186.3423309326172,149.26071166992188,660.7061157226562,85.45481872558594,88.85206604003906,42.70754623413086,109.57425689697266
2025-10-01,254.5098419189453,96.58167266845703,220.6300048828125,244.26473999023438,181.9496307373047,304.8774719238281,65.4388656616211,515.4688720703125,187.00149536132812,148.8041534423828,662.95751953125,85.67549133300781,88.9881362915039,43.11890411376953,108.83564758300781
2025-10-02,256.18365478515625,96.68772888183594,222.41000366210938,245.05271911621094,181.8811798095703,301.77679443359375,64.77252197265625,511.53131103515625,188.64939880371094,147.70643615722656,663.7210693359375,85.92497253417969,88.5216293334961,43.04054641723633,108.15536499023438
2025-10-03,257.07037353515625,96.58167266845703,219.50999450683594,244.7135772705078,184.48255920410156,304.210205078125,65.31147766113281,513.1280517578125,187.38099670410156,147.92015075683594,663.7112426757812,85.76185607910156,88.85206604003906,43.54005432128906,110.06987762451172
2025-10-06,255.74530029296875,96.36959838867188,220.89999389648438,249.78038024902344,184.01312255859375,304.8511047363281,64.77252197265625,524.256591796875,185.30364990234375,146.11329650878906,666.0914916992188,85.08058166503906,88.01622772216797,43.961204528808594,110.9833984375
2025-10-07,255.53607177734375,96.53347778320312,221.77999877929688,245.1225128173828,184.72703552246094,303.38201904296875,65.44866943359375,519.7039794921875,184.80429077148438,148.18243408203125,663.6219482421875,85.56995391845703,87.69550323486328,44.161983489990234,111.04171752929688
2025-10-08,257.1102294921875,96.54312133789062,225.22000122070312,243.9854736328125,185.50941467285156,299.773193359375,64.79212188720703,520.5668334960938,188.86911010742188,146.38528442382812,667.5791625976562,85.63710021972656,87.23870086669922,44.46560287475586,110.8084716796875
2025-10-09,253.10501098632812,96.42741394042969,227.74000549316406,240.9034881591797,186.86875915527344,301.2522277832031,65.037109375,518.136962890625,192.32470703125,146.27842712402344,665.6452026367188,85.56995391845703,86.76245880126953,44.35297393798828,109.72974395751953
2025-10-10,244.3673095703125,96.82269287109375,216.3699951171875,235.9563751220703,186.51670837402344,296.67718505859375,65.69364166259766,506.790283203125,182.92669677734375,145.41384887695312,647.6542358398438,86.95164489746094,85.65447998046875,44.171775817871094,107.61114501953125
2025-10-13,246.74851989746094,97.0058822631836,220.07000732421875,243.51670837402344,186.69271850585938,303.6580810546875,65.45846557617188,509.8550720214844,188.0801239013672,143.27670288085938,657.5919189453125,86.90367126464844,86.19876098632812,44.50967788696289,109.07861328125
2025-10-14,246.8581085205078,97.16012573242188,216.38999938964844,244.81332397460938,186.6438446044922,297.85052490234375,66.15421295166016,509.3790283203125,179.8006591796875,144.8990020751953,656.78857421875,87.18193817138672,87.08319091796875,44.906341552734375,109.12720489501953
2025-10-15,248.42233276367188,97.12156677246094,215.57000732421875,250.37884521484375,186.95680236816406,301.4100036621094,65.73284149169922,509.2401123046875,179.60093688964844,143.2086944580078,659.7044067382812,86.99002838134766,88.3466796875,45.493995666503906,108.46635437011719
2025-10-16,246.53927612304688,97.4686279296875,214.47000122070312,250.8077392578125,187.88584899902344,294.3600769042969,66.23259735107422,507.43499755859375,181.5784149169922,145.326416015625,655.2117309570312,87.64250183105469,88.0356674194336,44.999385833740234,107.52367401123047
2025-10-17,251.36146545410156,97.33367919921875,213.0399932861328,252.64295959472656,188.96160888671875,293.3938293457031,67.0655288696289,509.3889465332031,182.9866180419922,147.0749969482422,658.9308471679688,87.50817108154297,88.60909271240234,44.84267807006836,109.07861328125
2025-10-20,261.27484130859375,97.49755096435547,216.47999572753906,255.884521484375,189.45057678222656,298.1265869140625,67.0655288696289,512.57275390625,182.4073486328125,147.6190185546875,665.7840576171875,87.84400177001953,89.50325012207031,44.82798767089844,109.52565002441406
2025-10-21,261.8028869628906,97.59396362304688,222.02999877929688,249.81033325195312,187.65113830566406,292.93035888671875,69.7896957397461,513.4356079101562,180.92922973632812,147.28871154785156,665.7741088867188,88.27578735351562,89.25055694580078,44.37255859375,109.53536987304688
2025-10-22,257.49884033203125,97.58433532714844,217.9499969482422,251.03712463378906,188.68780517578125,289.99212646484375,69.38792419433594,516.2921142578125,180.05035400390625,147.85215759277344,662.3128051757812,88.33335876464844,89.62960052490234,44.269718170166016,111.47904205322266
2025-10-23,258.6246337890625,97.41079711914062,221.08999633789062,252.4235382080078,188.22813415527344,290.4161376953125,68.53540802001953,516.3118896484375,181.92796325683594,147.86187744140625,666.2402954101562,87.72886657714844,89.5712890625,44.23543930053711,112.71326446533203
2025-10-24,261.85272216796875,97.50719451904297,224.2100067138672,259.24578857421875,186.20375061035156,296.2334899902344,68.31002044677734,519.3369750976562,186.02272033691406,149.1697540283203,671.6851806640625,87.76725769042969,89.83370208740234,44.75453567504883,112.13988494873047
2025-10-27,267.8206481933594,97.5746841430664,226.97000122070312,268.5715026855469,186.10595703125,299.89154052734375,68.65299224853516,527.1825561523438,191.24607849121094,148.4360809326172,679.6094970703125,88.06468963623047,90.0864028930664,44.87696075439453,112.67440032958984
2025-10-28,268.00994873046875,97.63252258300781,229.25,266.7762451171875,182.8102264404297,301.0846252441406,68.75099182128906,537.6463623046875,200.77394104003906,148.07412719726562,681.41455078125,88.29498291015625,88.3175277709961,44.13750076293945,111.79002380371094
2025-10-29,268.7073974609375,97.1697769165039,230.3000030517578,273.8578186035156,182.48751831054688,301.2325439453125,66.97733306884766,537.130615234375,206.77627563476562,145.53076171875,681.7418823242188,87.40262603759766,86.04325103759766,44.122806549072266,113.17002868652344
2025-10-30,270.401123046875,96.98658752441406,222.86000061035156,280.7498779296875,184.8834991455078,305.10748291015625,67.59468841552734,521.4695434570312,202.63156127929688,146.3231201171875,674.2439575195312,86.89408111572266,86.45144653320312,43.93672180175781,111.45960235595703
2025-10-31,269.3749084472656,96.92875671386719,244.22000122070312,280.46063232421875,184.7074737548828,306.7639465332031,67.51629638671875,513.5843505859375,202.23207092285156,147.09591674804688,676.4556274414062,86.63501739501953,86.67499542236328,43.633094787597656,111.13890075683594
2025-11-03,268.0597839355469,96.80978393554688,254.0,282.9840393066406,182.15499877929688,305.0187683105469,66.60496520996094,512.8107299804688,206.61647033691406,144.7970733642578,677.7251586914062,86.4183349609375,86.54864501953125,43.65758514404297,110.55580139160156
2025-11-04,269.0461730957031,96.858154296875,249.32000732421875,276.8200988769531,182.7417755126953,304.920166015625,67.28111267089844,510.1328125,198.43690490722656,143.96559143066406,669.6917114257812,86.6109390258789,86.69442749023438,43.50088119506836,110.92508697509766
2025-11-05,269.1457824707031,96.59700012207031,250.1999969482422,283.5725402832031,181.90072631835938,307.3161315917969,67.13412475585938,503.02130126953125,194.9613494873047,142.61563110351562,672.0125122070312,85.6672134399414,86.77218627929688,43.51067352294922,110.4780502319336
2025-11-06,268.7771301269531,96.95486450195312,243.0399932861328,284.0113830566406,182.849365234375,309.03179931640625,67.6730728149414,493.0434265136719,187.84042358398438,142.9482421875,664.8021850585938,86.4375991821289,86.35426330566406,43.31968307495117,111.27495574951172
2025-11-07,267.48193359375,96.91617584228516,244.41000366210938,278.10675048828125,182.45819091796875,309.8106994628906,69.1331558227539,492.76568603515625,187.91033935546875,143.7797088623047,665.4567260742188,86.25463104248047,87.69550323486328,43.922027587890625,113.91834259033203
2025-11-10,268.6985778808594,96.87747955322266,248.39999389648438,289.3475036621094,184.25762939453125,312.4532165527344,69.103759765625,501.8707580566406,198.7964630126953,142.3319549560547,675.8407592773438,86.23538208007812,87.64690399169922,43.9073371887207,114.89017486572266
2025-11-11,274.5028076171875,97.16767120361328,249.10000610351562,290.5543518066406,189.55816650390625,311.2009582519531,70.17186737060547,504.5289001464844,192.91395568847656,145.30575561523438,677.3878784179688,86.63020324707031,88.6285400390625,43.93182373046875,116.40623474121094
2025-11-12,272.7276916503906,97.12896728515625,244.1999969482422,285.9662780761719,190.10581970214844,315.92388916015625,70.07388305664062,506.9688415527344,193.5531463623047,144.78729248046875,677.7647705078125,86.7842788696289,87.96763610839844,44.0346565246582,114.79299926757812
2025-11-13,272.20904541015625,96.83879852294922,237.5800018310547,277.847412109375,190.94686889648438,305.1469421386719,69.64270782470703,499.1828918457031,186.62196350097656,144.73838806152344,666.5179443359375,86.07167053222656,86.8888168334961,43.42741775512695,115.44412231445312
2025-11-14,271.6705322265625,96.72271728515625,234.69000244140625,275.6930236816406,191.61187744140625,299.3591003417969,69.73091125488281,506.01666259765625,189.92776489257812,144.45469665527344,666.408935546875,85.58053588867188,87.07347106933594,43.46659851074219,116.94403839111328
2025-11-17,266.73394775390625,96.7420654296875,232.8699951171875,284.2806701660156,195.1814422607422,296.1644592285156,69.26054382324219,503.34857177734375,186.3623046875,142.64498901367188,660.2002563476562,85.79238891601562,86.35426330566406,43.85836410522461,115.36568450927734
2025-11-18,266.7139892578125,96.80010986328125,222.5500030517578,283.5425720214844,195.59219360351562,295.2179260253906,69.7896957397461,489.76043701171875,181.1289825439453,143.7895050048828,654.65625,85.76351165771484,86.70415496826172,43.69186019897461,116.68914031982422
2025-11-19,267.83099365234375,96.80010986328125,222.69000244140625,292.05047607421875,198.04685974121094,299.02386474609375,69.6819076538086,483.14483642578125,186.2823944091797,143.7895050048828,657.185302734375,85.59017181396484,86.02381134033203,43.3245849609375,115.04218292236328
2025-11-20,265.5272521972656,96.91617584228516,217.13999938964844,288.6991882324219,198.59451293945312,294.2023620605469,69.77989196777344,475.41387939453125,180.40989685058594,144.96337890625,647.1683349609375,85.92721557617188,85.66419982910156,43.104209899902344,114.71866607666016
2025-11-21,270.75299072265625,97.14830780029297,220.69000244140625,298.8827209472656,199.40621948242188,293.84735107421875,71.48495483398438,469.1436462402344,178.6521453857422,147.63394165039062,653.6148681640625,86.18721008300781,87.05403137207031,43.167877197265625,114.7774887084961
2025-11-24,275.1710205078125,97.34175109863281,226.27999877929688,317.75360107421875,201.50885009765625,293.8276672363281,71.1321792602539,471.0118103027344,182.31747436523438,143.7797088623047,663.2351684570312,86.6783447265625,87.28729248046875,43.65758514404297,113.68932342529297
2025-11-25,276.2181396484375,97.49651336669922,229.6699981689453,322.60101318359375,203.39845275878906,298.75762939453125,71.15177917480469,473.9829406738281,177.59349060058594,145.25685119628906,669.4734497070312,86.89982604980469,88.09398651123047,43.4910774230957,112.25802612304688
2025-11-26,276.7966003417969,97.65127563476562,229.16000366210938,319.1200866699219,204.2743682861328,303.33270263671875,71.41636657714844,482.4393310546875,180.03038024902344,145.02207946777344,674.09521484375,87.28502655029297,88.48274993896484,44.068939208984375,112.51292419433594
2025-11-28,278.0930480957031,97.51586151123047,233.22000122070312,319.3494873046875,203.64450073242188,308.696533203125,71.65155029296875,488.9082946777344,176.7745361328125,144.9340362548828,677.7747192382812,86.87093353271484,88.7743148803711,44.382354736328125,113.64029693603516
2025-12-01,282.3315124511719,97.09471893310547,233.8800048828125,314.0732116699219,202.08950805664062,304.5948181152344,71.00025177001953,483.6715087890625,179.69082641601562,144.22970581054688,674.6803588867188,85.78951263427734,87.75381469726562,43.344173431396484,114.33634185791016
2025-12-02,285.4131164550781,97.22086334228516,234.4199981689453,314.9908142089844,202.16824340820312,303.5693359375,69.73715209960938,486.91094970703125,181.22885131835938,142.68411254882812,675.9300537109375,85.82816314697266,87.44279479980469,43.03565216064453,113.11092376708984
2025-12-03,283.378662109375,97.40523529052734,232.3800048828125,318.8009033203125,202.0796661376953,307.75982666015625,69.87529754638672,474.71832275390625,179.36123657226562,143.51560974121094,678.2706298828125,86.06977844238281,87.66634368896484,42.89853286743164,115.48333740234375
2025-12-04,279.9380187988281,97.17235565185547,229.11000061035156,316.7961120605469,199.2747802734375,311.67425537109375,69.52005004882812,477.8087158203125,183.1566162109375,142.1949920654297,678.7665405273438,85.60589599609375,87.45252227783203,42.81038284301758,114.83631134033203
2025-12-05,278.0232238769531,97.06561279296875,229.52999877929688,320.4366455078125,198.73348999023438,310.6291198730469,69.07598876953125,480.11407470703125,182.1877899169922,140.32656860351562,680.0557861328125,85.20965576171875,87.3553237915039,42.4088249206543,114.24811553955078
2025-12-08,277.1356506347656,96.91035461425781,226.88999938964844,313.1109313964844,198.4283905029297,310.79669189453125,69.32269287109375,487.92449951171875,185.323974609375,135.32785034179688,678.0127563476562,84.92938232421875,86.6847152709961,41.840763092041016,113.6991195678711
2025-12-09,276.4275817871094,96.82300567626953,227.9199981689453,316.4643859863281,196.794677734375,296.30255126953125,69.16480255126953,488.918212890625,184.7446746826172,136.58975219726562,677.4275512695312,85.01637268066406,86.35426330566406,41.87014389038086,115.92448425292969
2025-12-10,278.0232238769531,97.13353729248047,231.77999877929688,319.58831787109375,203.2705078125,305.76806640625,69.28321838378906,475.5430603027344,183.55612182617188,136.775634765625,681.92041015625,85.34495544433594,86.66527557373047,41.850555419921875,117.1891098022461
2025-12-11,277.2752685546875,97.15294647216797,230.27999877929688,311.82342529296875,206.68557739257812,312.9363098144531,68.19773864746094,480.422119140625,180.70957946777344,137.69515991210938,683.5072021484375,85.22898864746094,87.04431915283203,42.154178619384766,117.1891098022461
2025-12-12,277.5245666503906,96.85212707519531,226.19000244140625,308.68951416015625,208.23072814941406,314.0603332519531,69.58912658691406,475.51324462890625,174.80679321289062,139.72987365722656,676.1580810546875,84.40752410888672,86.9374008178711,41.94850158691406,116.4832763671875
2025-12-15,273.3658752441406,96.94918060302734,222.5399932861328,307.62158203125,210.7797393798828,315.53936767578125,70.03318786621094,471.8266296386719,176.0752410888672,141.9700164794922,675.1365356445312,84.46550750732422,87.20954895019531,42.330474853515625,115.44412231445312
2025-12-16,273.8645324707031,97.13353729248047,222.55999755859375,305.97479248046875,205.98683166503906,311.1319274902344,69.44110870361328,473.38677978515625,177.50350952148438,142.04827880859375,673.2918701171875,84.92938232421875,86.56808471679688,42.154178619384766,112.42469024658203
2025-12-17,271.10205078125,97.10442352294922,221.27000427246094,296.1439208984375,207.00051879882812,310.5699462890625,69.73715209960938,473.1184387207031,170.7317657470703,144.59165954589844,665.8832397460938,84.8520736694336,86.8888168334961,41.87993621826172,115.10100555419922
2025-12-18,271.4511413574219,97.3470230102539,226.75999450683594,301.872802734375,205.0124969482422,308.6176452636719,69.43123626708984,480.9289245605469,173.9278564453125,142.3515167236328,670.9114990234375,85.25798034667969,86.43201446533203,42.29129409790039,114.24811553955078
2025-12-19,272.9271240234375,97.20486450195312,227.35000610351562,306.56365966796875,203.1031951904297,312.7686767578125,69.13520050048828,482.8566589355469,180.76951599121094,141.31460571289062,676.9923095703125,84.93975830078125,86.10157012939453,41.75261688232422,114.3951644897461
2025-12-22,270.23443603515625,97.16592407226562,228.42999267578125,309.1785583496094,204.03817749023438,318.56634521484375,69.28321838378906,481.8630065917969,183.4662322998047,139.58314514160156,681.2098388671875,84.75542449951172,86.54389953613281,41.90753936767578,115.82645416259766
2025-12-23,271.62066650390625,97.16592407226562,232.13999938964844,313.73968505859375,202.52255249023438,321.3666076660156,68.94771575927734,483.7807922363281,188.97950744628906,140.06246948242188,684.3233032226562,84.89125061035156,86.48505401611328,42.055545806884766,117.07147216796875
2025-12-24,273.06671142578125,97.3801040649414,232.3800048828125,313.4801940917969,204.4908905029297,324.5612487792969,69.18453979492188,484.9433898925781,188.38023376464844,141.34393310546875,686.7305297851562,85.40543365478516,87.05390930175781,42.24303436279297,116.87540435791016
2025-12-26,272.6578674316406,97.39959716796875,232.52000427246094,312.9013366699219,204.34324645996094,323.31890869140625,68.94771575927734,484.6353454589844,190.2978973388672,141.58851623535156,686.660888671875,85.12410736083984,87.1519775390625,42.21342849731445,116.767578125
2025-12-29,273.0168762207031,97.51641845703125,232.07000732421875,312.95123291015625,204.2743682861328,319.2171325683594,69.23387908935547,484.02923583984375,187.99070739746094,141.42222595214844,684.2138671875,85.44425201416016,87.32852172851562,42.2923698425293,118.1596450805664
2025-12-30,272.33868408203125,97.47748565673828,232.52999877929688,313.24066162109375,203.6346435546875,318.8917541503906,69.14507293701172,484.4068603515625,187.31153869628906,140.9135284423828,683.3782958984375,85.24050903320312,87.50505828857422,42.391048431396484,118.610595703125
2025-12-31,271.12200927734375,97.24380493164062,230.82000732421875,312.392333984375,203.6740264892578,317.70855712890625,68.9871826171875,480.5711669921875,186.27281188964844,140.1896209716797,678.3152465820312,84.56139373779297,86.78909301757812,42.1246223449707,117.97337341308594
